Date,Week_x,Max_Temp,Min_Temp,Rain,Year,FarmID,Week_y,Male_SWD,Female_SWD,Total_SWD,Drosophilids,Similar,Grower
02/06/2015,23,14.9,6.7,1.6,2015,A,23,0,0,0.0,1,0,Dublin Airport
02/06/2015,23,14.9,6.7,1.6,2015,A,23,0,0,0.0,5,0,Dublin Airport
02/06/2015,23,14.9,6.7,1.6,2015,A,23,0,0,0.0,0,0,Dublin Airport
02/06/2015,23,14.9,6.7,1.6,2015,A,23,0,0,0.0,1,0,Dublin Airport
02/06/2015,23,14.9,6.7,1.6,2015,A,23,0,0,0.0,5,0,Dublin Airport
02/06/2015,23,14.9,6.7,1.6,2015,A,23,0,0,0.0,2,0,Dublin Airport
02/06/2015,23,14.9,6.7,1.6,2015,A,23,0,0,0.0,0,0,Dublin Airport
02/06/2015,23,14.9,6.7,1.6,2015,A,23,0,0,0.0,1,0,Dublin Airport
02/06/2015,23,14.9,6.7,1.6,2015,A,23,0,0,0.0,6,0,Dublin Airport
02/06/2015,23,14.9,6.7,1.6,2015,A,23,0,0,0.0,0,0,Dublin Airport
09/06/2015,24,15.6,0.7,0.0,2015,A,24,0,0,0.0,23,0,Dublin Airport
09/06/2015,24,15.6,0.7,0.0,2015,A,24,0,0,0.0,33,1,Dublin Airport
09/06/2015,24,15.6,0.7,0.0,2015,A,24,0,0,0.0,4,0,Dublin Airport
09/06/2015,24,15.6,0.7,0.0,2015,A,24,0,0,0.0,6,0,Dublin Airport
09/06/2015,24,15.6,0.7,0.0,2015,A,24,0,0,0.0,16,0,Dublin Airport
09/06/2015,24,15.6,0.7,0.0,2015,A,24,0,0,0.0,11,0,Dublin Airport
09/06/2015,24,15.6,0.7,0.0,2015,A,24,0,0,0.0,14,2,Dublin Airport
09/06/2015,24,15.6,0.7,0.0,2015,A,24,0,0,0.0,12,0,Dublin Airport
09/06/2015,24,15.6,0.7,0.0,2015,A,24,0,0,0.0,2,0,Dublin Airport
09/06/2015,24,15.6,0.7,0.0,2015,A,24,0,0,0.0,7,0,Dublin Airport
16/06/2015,25,21.2,12.0,0.0,2015,A,25,0,0,0.0,47,0,Dublin Airport
16/06/2015,25,21.2,12.0,0.0,2015,A,25,0,2,2.0,17,2,Dublin Airport
16/06/2015,25,21.2,12.0,0.0,2015,A,25,0,0,0.0,7,0,Dublin Airport
16/06/2015,25,21.2,12.0,0.0,2015,A,25,0,0,0.0,27,0,Dublin Airport
16/06/2015,25,21.2,12.0,0.0,2015,A,25,0,0,0.0,10,1,Dublin Airport
16/06/2015,25,21.2,12.0,0.0,2015,A,25,0,0,0.0,16,0,Dublin Airport
16/06/2015,25,21.2,12.0,0.0,2015,A,25,0,0,0.0,11,0,Dublin Airport
16/06/2015,25,21.2,12.0,0.0,2015,A,25,0,0,0.0,6,0,Dublin Airport
16/06/2015,25,21.2,12.0,0.0,2015,A,25,0,0,0.0,7,0,Dublin Airport
16/06/2015,25,21.2,12.0,0.0,2015,A,25,0,0,0.0,4,0,Dublin Airport
24/06/2015,26,19.7,11.3,0.0,2015,A,26,0,0,0.0,56,1,Dublin Airport
24/06/2015,26,19.7,11.3,0.0,2015,A,26,0,0,0.0,49,1,Dublin Airport
24/06/2015,26,19.7,11.3,0.0,2015,A,26,0,0,0.0,6,0,Dublin Airport
24/06/2015,26,19.7,11.3,0.0,2015,A,26,0,0,0.0,10,0,Dublin Airport
24/06/2015,26,19.7,11.3,0.0,2015,A,26,0,0,0.0,11,0,Dublin Airport
24/06/2015,26,19.7,11.3,0.0,2015,A,26,0,0,0.0,55,0,Dublin Airport
24/06/2015,26,19.7,11.3,0.0,2015,A,26,0,0,0.0,8,0,Dublin Airport
24/06/2015,26,19.7,11.3,0.0,2015,A,26,0,0,0.0,1,0,Dublin Airport
24/06/2015,26,19.7,11.3,0.0,2015,A,26,0,0,0.0,15,0,Dublin Airport
24/06/2015,26,19.7,11.3,0.0,2015,A,26,0,0,0.0,11,0,Dublin Airport
08/07/2015,28,17.6,6.6,0.5,2015,A,28,0,0,0.0,322,2,Dublin Airport
08/07/2015,28,17.6,6.6,0.5,2015,A,28,1,1,2.0,194,2,Dublin Airport
08/07/2015,28,17.6,6.6,0.5,2015,A,28,0,1,1.0,88,2,Dublin Airport
08/07/2015,28,17.6,6.6,0.5,2015,A,28,1,0,1.0,42,0,Dublin Airport
08/07/2015,28,17.6,6.6,0.5,2015,A,28,0,0,0.0,33,1,Dublin Airport
08/07/2015,28,17.6,6.6,0.5,2015,A,28,1,0,1.0,74,0,Dublin Airport
08/07/2015,28,17.6,6.6,0.5,2015,A,28,0,0,0.0,80,0,Dublin Airport
08/07/2015,28,17.6,6.6,0.5,2015,A,28,0,0,0.0,93,1,Dublin Airport
08/07/2015,28,17.6,6.6,0.5,2015,A,28,1,0,1.0,36,0,Dublin Airport
08/07/2015,28,17.6,6.6,0.5,2015,A,28,0,0,0.0,12,2,Dublin Airport
15/07/2015,29,17.7,3.9,0.0,2015,A,29,0,0,0.0,143,1,Dublin Airport
15/07/2015,29,17.7,3.9,0.0,2015,A,29,1,1,2.0,176,1,Dublin Airport
15/07/2015,29,17.7,3.9,0.0,2015,A,29,0,1,1.0,52,2,Dublin Airport
15/07/2015,29,17.7,3.9,0.0,2015,A,29,1,0,1.0,71,1,Dublin Airport
15/07/2015,29,17.7,3.9,0.0,2015,A,29,0,0,0.0,33,0,Dublin Airport
15/07/2015,29,17.7,3.9,0.0,2015,A,29,1,0,1.0,111,5,Dublin Airport
15/07/2015,29,17.7,3.9,0.0,2015,A,29,0,0,0.0,110,6,Dublin Airport
15/07/2015,29,17.7,3.9,0.0,2015,A,29,0,0,0.0,90,0,Dublin Airport
15/07/2015,29,17.7,3.9,0.0,2015,A,29,1,0,1.0,37,1,Dublin Airport
15/07/2015,29,17.7,3.9,0.0,2015,A,29,0,0,0.0,49,3,Dublin Airport
21/07/2015,30,18.9,8.7,0.3,2015,A,30,0,0,0.0,3,0,Dublin Airport
21/07/2015,30,18.9,8.7,0.3,2015,A,30,0,0,0.0,0,0,Dublin Airport
21/07/2015,30,18.9,8.7,0.3,2015,A,30,0,0,0.0,27,2,Dublin Airport
21/07/2015,30,18.9,8.7,0.3,2015,A,30,0,0,0.0,7,0,Dublin Airport
21/07/2015,30,18.9,8.7,0.3,2015,A,30,0,0,0.0,27,1,Dublin Airport
21/07/2015,30,18.9,8.7,0.3,2015,A,30,0,0,0.0,60,3,Dublin Airport
21/07/2015,30,18.9,8.7,0.3,2015,A,30,0,0,0.0,1,0,Dublin Airport
21/07/2015,30,18.9,8.7,0.3,2015,A,30,0,0,0.0,0,0,Dublin Airport
21/07/2015,30,18.9,8.7,0.3,2015,A,30,1,0,1.0,22,0,Dublin Airport
21/07/2015,30,18.9,8.7,0.3,2015,A,30,0,0,0.0,49,3,Dublin Airport
29/07/2015,31,16.7,7.4,0.9,2015,A,31,0,0,0.0,84,0,Dublin Airport
29/07/2015,31,16.7,7.4,0.9,2015,A,31,0,0,0.0,50,3,Dublin Airport
29/07/2015,31,16.7,7.4,0.9,2015,A,31,0,1,1.0,26,1,Dublin Airport
29/07/2015,31,16.7,7.4,0.9,2015,A,31,0,0,0.0,59,2,Dublin Airport
29/07/2015,31,16.7,7.4,0.9,2015,A,31,0,0,0.0,25,2,Dublin Airport
29/07/2015,31,16.7,7.4,0.9,2015,A,31,1,2,3.0,110,5,Dublin Airport
29/07/2015,31,16.7,7.4,0.9,2015,A,31,1,1,2.0,132,4,Dublin Airport
29/07/2015,31,16.7,7.4,0.9,2015,A,31,0,0,0.0,90,4,Dublin Airport
29/07/2015,31,16.7,7.4,0.9,2015,A,31,1,1,2.0,30,0,Dublin Airport
29/07/2015,31,16.7,7.4,0.9,2015,A,31,0,0,0.0,15,3,Dublin Airport
04/08/2015,32,18.7,12.8,0.3,2015,A,32,0,0,0.0,128,6,Dublin Airport
04/08/2015,32,18.7,12.8,0.3,2015,A,32,0,0,0.0,104,2,Dublin Airport
04/08/2015,32,18.7,12.8,0.3,2015,A,32,0,0,0.0,64,4,Dublin Airport
04/08/2015,32,18.7,12.8,0.3,2015,A,32,0,0,0.0,187,5,Dublin Airport
04/08/2015,32,18.7,12.8,0.3,2015,A,32,0,0,0.0,78,8,Dublin Airport
04/08/2015,32,18.7,12.8,0.3,2015,A,32,1,1,2.0,153,13,Dublin Airport
04/08/2015,32,18.7,12.8,0.3,2015,A,32,0,1,1.0,317,3,Dublin Airport
04/08/2015,32,18.7,12.8,0.3,2015,A,32,1,0,1.0,91,2,Dublin Airport
04/08/2015,32,18.7,12.8,0.3,2015,A,32,2,0,2.0,81,2,Dublin Airport
04/08/2015,32,18.7,12.8,0.3,2015,A,32,1,0,1.0,86,3,Dublin Airport
11/08/2015,33,17.9,6.7,0.0,2015,A,33,0,0,0.0,3,0,Dublin Airport
11/08/2015,33,17.9,6.7,0.0,2015,A,33,0,0,0.0,6,1,Dublin Airport
11/08/2015,33,17.9,6.7,0.0,2015,A,33,0,0,0.0,1,0,Dublin Airport
11/08/2015,33,17.9,6.7,0.0,2015,A,33,0,0,0.0,2,1,Dublin Airport
11/08/2015,33,17.9,6.7,0.0,2015,A,33,0,0,0.0,0,0,Dublin Airport
11/08/2015,33,17.9,6.7,0.0,2015,A,33,0,0,0.0,6,1,Dublin Airport
11/08/2015,33,17.9,6.7,0.0,2015,A,33,0,0,0.0,0,0,Dublin Airport
11/08/2015,33,17.9,6.7,0.0,2015,A,33,0,0,0.0,7,1,Dublin Airport
11/08/2015,33,17.9,6.7,0.0,2015,A,33,0,0,0.0,5,0,Dublin Airport
11/08/2015,33,17.9,6.7,0.0,2015,A,33,0,0,0.0,6,0,Dublin Airport
05/10/2015,41,16.6,11.8,12.0,2015,A,41,0,0,0.0,1,0,Dublin Airport
05/10/2015,41,16.6,11.8,12.0,2015,A,41,0,0,0.0,1,0,Dublin Airport
05/10/2015,41,16.6,11.8,12.0,2015,A,41,0,0,0.0,44,2,Dublin Airport
05/10/2015,41,16.6,11.8,12.0,2015,A,41,0,0,0.0,15,2,Dublin Airport
05/10/2015,41,16.6,11.8,12.0,2015,A,41,0,0,0.0,7,0,Dublin Airport
05/10/2015,41,16.6,11.8,12.0,2015,A,41,0,1,1.0,82,0,Dublin Airport
05/10/2015,41,16.6,11.8,12.0,2015,A,41,0,0,0.0,6,0,Dublin Airport
05/10/2015,41,16.6,11.8,12.0,2015,A,41,0,0,0.0,70,4,Dublin Airport
05/10/2015,41,16.6,11.8,12.0,2015,A,41,0,0,0.0,24,4,Dublin Airport
05/10/2015,41,16.6,11.8,12.0,2015,A,41,0,0,0.0,20,1,Dublin Airport
12/10/2015,42,13.4,2.9,0.1,2015,A,42,3,0,3.0,106,3,Dublin Airport
12/10/2015,42,13.4,2.9,0.1,2015,A,42,9,1,10.0,42,1,Dublin Airport
12/10/2015,42,13.4,2.9,0.1,2015,A,42,0,1,1.0,28,2,Dublin Airport
12/10/2015,42,13.4,2.9,0.1,2015,A,42,4,1,5.0,29,3,Dublin Airport
12/10/2015,42,13.4,2.9,0.1,2015,A,42,4,1,5.0,20,2,Dublin Airport
12/10/2015,42,13.4,2.9,0.1,2015,A,42,9,7,16.0,314,37,Dublin Airport
12/10/2015,42,13.4,2.9,0.1,2015,A,42,29,7,36.0,329,21,Dublin Airport
12/10/2015,42,13.4,2.9,0.1,2015,A,42,2,2,4.0,115,0,Dublin Airport
12/10/2015,42,13.4,2.9,0.1,2015,A,42,4,3,7.0,38,9,Dublin Airport
12/10/2015,42,13.4,2.9,0.1,2015,A,42,0,0,0.0,5,0,Dublin Airport
19/10/2015,43,12.3,6.6,0.1,2015,A,43,2,2,4.0,108,4,Dublin Airport
19/10/2015,43,12.3,6.6,0.1,2015,A,43,1,1,2.0,82,0,Dublin Airport
19/10/2015,43,12.3,6.6,0.1,2015,A,43,4,0,4.0,29,5,Dublin Airport
19/10/2015,43,12.3,6.6,0.1,2015,A,43,3,1,4.0,41,2,Dublin Airport
19/10/2015,43,12.3,6.6,0.1,2015,A,43,2,0,2.0,63,18,Dublin Airport
19/10/2015,43,12.3,6.6,0.1,2015,A,43,2,2,4.0,385,43,Dublin Airport
19/10/2015,43,12.3,6.6,0.1,2015,A,43,19,15,34.0,194,44,Dublin Airport
19/10/2015,43,12.3,6.6,0.1,2015,A,43,3,1,4.0,84,7,Dublin Airport
19/10/2015,43,12.3,6.6,0.1,2015,A,43,2,1,3.0,17,2,Dublin Airport
19/10/2015,43,12.3,6.6,0.1,2015,A,43,1,0,1.0,7,3,Dublin Airport
26/10/2015,44,13.3,10.2,1.8,2015,A,44,6,0,6.0,89,3,Dublin Airport
26/10/2015,44,13.3,10.2,1.8,2015,A,44,0,4,4.0,97,4,Dublin Airport
26/10/2015,44,13.3,10.2,1.8,2015,A,44,0,1,1.0,6,0,Dublin Airport
26/10/2015,44,13.3,10.2,1.8,2015,A,44,1,0,1.0,36,4,Dublin Airport
26/10/2015,44,13.3,10.2,1.8,2015,A,44,1,0,1.0,11,2,Dublin Airport
26/10/2015,44,13.3,10.2,1.8,2015,A,44,0,2,2.0,107,13,Dublin Airport
26/10/2015,44,13.3,10.2,1.8,2015,A,44,15,18,33.0,129,19,Dublin Airport
26/10/2015,44,13.3,10.2,1.8,2015,A,44,2,3,5.0,87,0,Dublin Airport
26/10/2015,44,13.3,10.2,1.8,2015,A,44,3,2,5.0,23,2,Dublin Airport
26/10/2015,44,13.3,10.2,1.8,2015,A,44,1,0,1.0,18,4,Dublin Airport
02/11/2015,45,15.4,9.7,0.1,2015,A,45,10,1,11.0,345,12,Dublin Airport
02/11/2015,45,15.4,9.7,0.1,2015,A,45,1,0,1.0,28,2,Dublin Airport
02/11/2015,45,15.4,9.7,0.1,2015,A,45,0,0,0.0,4,1,Dublin Airport
02/11/2015,45,15.4,9.7,0.1,2015,A,45,4,3,7.0,44,2,Dublin Airport
02/11/2015,45,15.4,9.7,0.1,2015,A,45,1,1,2.0,64,1,Dublin Airport
02/11/2015,45,15.4,9.7,0.1,2015,A,45,3,3,6.0,51,8,Dublin Airport
02/11/2015,45,15.4,9.7,0.1,2015,A,45,72,53,125.0,164,19,Dublin Airport
02/11/2015,45,15.4,9.7,0.1,2015,A,45,2,1,3.0,50,5,Dublin Airport
02/11/2015,45,15.4,9.7,0.1,2015,A,45,4,4,8.0,12,1,Dublin Airport
02/11/2015,45,15.4,9.7,0.1,2015,A,45,1,0,1.0,8,2,Dublin Airport
09/11/2015,46,16.4,8.0,5.6,2015,A,46,8,0,8.0,135,7,Dublin Airport
09/11/2015,46,16.4,8.0,5.6,2015,A,46,5,0,5.0,70,0,Dublin Airport
09/11/2015,46,16.4,8.0,5.6,2015,A,46,1,0,1.0,6,0,Dublin Airport
09/11/2015,46,16.4,8.0,5.6,2015,A,46,6,0,6.0,29,7,Dublin Airport
09/11/2015,46,16.4,8.0,5.6,2015,A,46,3,0,3.0,8,12,Dublin Airport
09/11/2015,46,16.4,8.0,5.6,2015,A,46,9,2,11.0,52,5,Dublin Airport
09/11/2015,46,16.4,8.0,5.6,2015,A,46,22,11,33.0,67,19,Dublin Airport
09/11/2015,46,16.4,8.0,5.6,2015,A,46,2,0,2.0,18,3,Dublin Airport
09/11/2015,46,16.4,8.0,5.6,2015,A,46,5,2,7.0,14,2,Dublin Airport
09/11/2015,46,16.4,8.0,5.6,2015,A,46,0,0,0.0,11,0,Dublin Airport
16/11/2015,47,11.0,5.7,0.3,2015,A,47,3,0,3.0,62,2,Dublin Airport
16/11/2015,47,11.0,5.7,0.3,2015,A,47,2,3,5.0,66,3,Dublin Airport
16/11/2015,47,11.0,5.7,0.3,2015,A,47,1,0,1.0,2,0,Dublin Airport
16/11/2015,47,11.0,5.7,0.3,2015,A,47,1,0,1.0,18,1,Dublin Airport
16/11/2015,47,11.0,5.7,0.3,2015,A,47,1,0,1.0,24,5,Dublin Airport
16/11/2015,47,11.0,5.7,0.3,2015,A,47,0,1,1.0,21,0,Dublin Airport
16/11/2015,47,11.0,5.7,0.3,2015,A,47,11,3,14.0,37,3,Dublin Airport
16/11/2015,47,11.0,5.7,0.3,2015,A,47,0,0,0.0,1,0,Dublin Airport
16/11/2015,47,11.0,5.7,0.3,2015,A,47,2,0,2.0,15,1,Dublin Airport
16/11/2015,47,11.0,5.7,0.3,2015,A,47,0,0,0.0,7,0,Dublin Airport
02/12/2015,49,12.8,5.0,0.4,2015,A,49,0,0,0.0,113,0,Dublin Airport
02/12/2015,49,12.8,5.0,0.4,2015,A,49,3,2,5.0,150,1,Dublin Airport
02/12/2015,49,12.8,5.0,0.4,2015,A,49,1,0,1.0,1,0,Dublin Airport
02/12/2015,49,12.8,5.0,0.4,2015,A,49,3,0,3.0,16,0,Dublin Airport
02/12/2015,49,12.8,5.0,0.4,2015,A,49,0,0,0.0,7,1,Dublin Airport
02/12/2015,49,12.8,5.0,0.4,2015,A,49,2,0,2.0,40,1,Dublin Airport
02/12/2015,49,12.8,5.0,0.4,2015,A,49,2,1,3.0,30,3,Dublin Airport
02/12/2015,49,12.8,5.0,0.4,2015,A,49,0,2,2.0,16,0,Dublin Airport
02/12/2015,49,12.8,5.0,0.4,2015,A,49,3,2,5.0,15,0,Dublin Airport
02/12/2015,49,12.8,5.0,0.4,2015,A,49,0,0,0.0,8,0,Dublin Airport
08/12/2015,50,12.8,4.2,0.5,2015,A,50,0,0,0.0,18,1,Dublin Airport
08/12/2015,50,12.8,4.2,0.5,2015,A,50,0,0,0.0,24,1,Dublin Airport
08/12/2015,50,12.8,4.2,0.5,2015,A,50,1,0,1.0,5,0,Dublin Airport
08/12/2015,50,12.8,4.2,0.5,2015,A,50,2,0,2.0,48,1,Dublin Airport
08/12/2015,50,12.8,4.2,0.5,2015,A,50,2,1,3.0,70,1,Dublin Airport
08/12/2015,50,12.8,4.2,0.5,2015,A,50,0,0,0.0,69,2,Dublin Airport
08/12/2015,50,12.8,4.2,0.5,2015,A,50,0,0,0.0,18,1,Dublin Airport
08/12/2015,50,12.8,4.2,0.5,2015,A,50,0,0,0.0,1,0,Dublin Airport
08/12/2015,50,12.8,4.2,0.5,2015,A,50,4,4,8.0,18,0,Dublin Airport
08/12/2015,50,12.8,4.2,0.5,2015,A,50,0,0,0.0,16,0,Dublin Airport
15/12/2015,51,12.4,9.1,2.4,2015,A,51,0,0,0.0,15,0,Dublin Airport
15/12/2015,51,12.4,9.1,2.4,2015,A,51,0,0,0.0,20,0,Dublin Airport
15/12/2015,51,12.4,9.1,2.4,2015,A,51,2,0,2.0,5,0,Dublin Airport
15/12/2015,51,12.4,9.1,2.4,2015,A,51,1,0,1.0,14,0,Dublin Airport
15/12/2015,51,12.4,9.1,2.4,2015,A,51,0,0,0.0,13,0,Dublin Airport
15/12/2015,51,12.4,9.1,2.4,2015,A,51,0,0,0.0,30,0,Dublin Airport
15/12/2015,51,12.4,9.1,2.4,2015,A,51,4,1,5.0,39,1,Dublin Airport
15/12/2015,51,12.4,9.1,2.4,2015,A,51,3,2,5.0,37,0,Dublin Airport
15/12/2015,51,12.4,9.1,2.4,2015,A,51,2,1,3.0,11,0,Dublin Airport
15/12/2015,51,12.4,9.1,2.4,2015,A,51,0,0,0.0,6,0,Dublin Airport
15/12/2015,51,12.4,9.1,2.4,2015,A,51,0,0,0.0,29,0,Dublin Airport
15/12/2015,51,12.4,9.1,2.4,2015,A,51,0,0,0.0,12,1,Dublin Airport
07/01/2016,2,8.7,2.5,0.7,2016,A,2,0,0,0.0,215,0,Dublin Airport
07/01/2016,2,8.7,2.5,0.7,2016,A,2,0,0,0.0,222,0,Dublin Airport
07/01/2016,2,8.7,2.5,0.7,2016,A,2,1,2,3.0,20,0,Dublin Airport
07/01/2016,2,8.7,2.5,0.7,2016,A,2,6,2,8.0,154,0,Dublin Airport
07/01/2016,2,8.7,2.5,0.7,2016,A,2,3,0,3.0,77,2,Dublin Airport
07/01/2016,2,8.7,2.5,0.7,2016,A,2,4,0,4.0,96,1,Dublin Airport
07/01/2016,2,8.7,2.5,0.7,2016,A,2,2,0,2.0,113,4,Dublin Airport
07/01/2016,2,8.7,2.5,0.7,2016,A,2,2,2,4.0,16,0,Dublin Airport
07/01/2016,2,8.7,2.5,0.7,2016,A,2,4,2,6.0,31,0,Dublin Airport
07/01/2016,2,8.7,2.5,0.7,2016,A,2,1,0,1.0,37,0,Dublin Airport
07/01/2016,2,8.7,2.5,0.7,2016,A,2,0,0,0.0,57,0,Dublin Airport
07/01/2016,2,8.7,2.5,0.7,2016,A,2,0,0,0.0,14,0,Dublin Airport
13/01/2016,3,4.9,-0.1,1.2,2016,A,3,0,0,0.0,26,0,Dublin Airport
13/01/2016,3,4.9,-0.1,1.2,2016,A,3,0,0,0.0,21,0,Dublin Airport
13/01/2016,3,4.9,-0.1,1.2,2016,A,3,1,0,1.0,1,0,Dublin Airport
13/01/2016,3,4.9,-0.1,1.2,2016,A,3,0,1,1.0,7,0,Dublin Airport
13/01/2016,3,4.9,-0.1,1.2,2016,A,3,0,0,0.0,1,0,Dublin Airport
13/01/2016,3,4.9,-0.1,1.2,2016,A,3,0,0,0.0,0,0,Dublin Airport
13/01/2016,3,4.9,-0.1,1.2,2016,A,3,0,0,0.0,2,0,Dublin Airport
13/01/2016,3,4.9,-0.1,1.2,2016,A,3,0,0,0.0,4,0,Dublin Airport
13/01/2016,3,4.9,-0.1,1.2,2016,A,3,1,0,1.0,3,2,Dublin Airport
13/01/2016,3,4.9,-0.1,1.2,2016,A,3,0,0,0.0,3,0,Dublin Airport
13/01/2016,3,4.9,-0.1,1.2,2016,A,3,0,0,0.0,7,0,Dublin Airport
13/01/2016,3,4.9,-0.1,1.2,2016,A,3,0,0,0.0,0,0,Dublin Airport
21/01/2016,4,12.1,5.1,0.3,2016,A,4,0,0,0.0,0,0,Dublin Airport
21/01/2016,4,12.1,5.1,0.3,2016,A,4,0,0,0.0,0,0,Dublin Airport
21/01/2016,4,12.1,5.1,0.3,2016,A,4,0,0,0.0,0,0,Dublin Airport
21/01/2016,4,12.1,5.1,0.3,2016,A,4,0,0,0.0,0,0,Dublin Airport
21/01/2016,4,12.1,5.1,0.3,2016,A,4,0,0,0.0,0,0,Dublin Airport
21/01/2016,4,12.1,5.1,0.3,2016,A,4,0,0,0.0,0,0,Dublin Airport
21/01/2016,4,12.1,5.1,0.3,2016,A,4,0,0,0.0,0,0,Dublin Airport
21/01/2016,4,12.1,5.1,0.3,2016,A,4,0,0,0.0,0,0,Dublin Airport
21/01/2016,4,12.1,5.1,0.3,2016,A,4,0,0,0.0,0,0,Dublin Airport
21/01/2016,4,12.1,5.1,0.3,2016,A,4,0,0,0.0,0,0,Dublin Airport
21/01/2016,4,12.1,5.1,0.3,2016,A,4,0,0,0.0,0,0,Dublin Airport
21/01/2016,4,12.1,5.1,0.3,2016,A,4,0,0,0.0,0,0,Dublin Airport
28/01/2016,5,11.2,2.1,4.7,2016,A,5,0,0,0.0,0,0,Dublin Airport
28/01/2016,5,11.2,2.1,4.7,2016,A,5,0,0,0.0,0,0,Dublin Airport
28/01/2016,5,11.2,2.1,4.7,2016,A,5,0,0,0.0,0,0,Dublin Airport
28/01/2016,5,11.2,2.1,4.7,2016,A,5,0,0,0.0,0,0,Dublin Airport
28/01/2016,5,11.2,2.1,4.7,2016,A,5,0,0,0.0,0,0,Dublin Airport
28/01/2016,5,11.2,2.1,4.7,2016,A,5,0,0,0.0,0,0,Dublin Airport
28/01/2016,5,11.2,2.1,4.7,2016,A,5,0,0,0.0,0,0,Dublin Airport
28/01/2016,5,11.2,2.1,4.7,2016,A,5,0,0,0.0,0,0,Dublin Airport
28/01/2016,5,11.2,2.1,4.7,2016,A,5,0,0,0.0,0,0,Dublin Airport
28/01/2016,5,11.2,2.1,4.7,2016,A,5,0,0,0.0,0,0,Dublin Airport
28/01/2016,5,11.2,2.1,4.7,2016,A,5,0,0,0.0,0,0,Dublin Airport
28/01/2016,5,11.2,2.1,4.7,2016,A,5,0,0,0.0,0,0,Dublin Airport
04/02/2016,6,11.2,6.5,0.5,2016,A,6,0,0,0.0,0,0,Dublin Airport
04/02/2016,6,11.2,6.5,0.5,2016,A,6,0,0,0.0,0,0,Dublin Airport
04/02/2016,6,11.2,6.5,0.5,2016,A,6,0,0,0.0,0,0,Dublin Airport
04/02/2016,6,11.2,6.5,0.5,2016,A,6,0,0,0.0,0,0,Dublin Airport
04/02/2016,6,11.2,6.5,0.5,2016,A,6,0,0,0.0,0,0,Dublin Airport
04/02/2016,6,11.2,6.5,0.5,2016,A,6,0,0,0.0,0,0,Dublin Airport
04/02/2016,6,11.2,6.5,0.5,2016,A,6,0,0,0.0,15,1,Dublin Airport
04/02/2016,6,11.2,6.5,0.5,2016,A,6,1,0,1.0,4,0,Dublin Airport
04/02/2016,6,11.2,6.5,0.5,2016,A,6,1,0,1.0,6,0,Dublin Airport
04/02/2016,6,11.2,6.5,0.5,2016,A,6,0,0,0.0,4,0,Dublin Airport
04/02/2016,6,11.2,6.5,0.5,2016,A,6,0,0,0.0,7,0,Dublin Airport
04/02/2016,6,11.2,6.5,0.5,2016,A,6,0,0,0.0,0,0,Dublin Airport
11/02/2016,7,6.4,-1.9,0.0,2016,A,7,0,0,0.0,23,0,Dublin Airport
11/02/2016,7,6.4,-1.9,0.0,2016,A,7,0,0,0.0,31,0,Dublin Airport
11/02/2016,7,6.4,-1.9,0.0,2016,A,7,0,0,0.0,1,0,Dublin Airport
11/02/2016,7,6.4,-1.9,0.0,2016,A,7,0,0,0.0,6,0,Dublin Airport
11/02/2016,7,6.4,-1.9,0.0,2016,A,7,0,0,0.0,3,0,Dublin Airport
11/02/2016,7,6.4,-1.9,0.0,2016,A,7,0,0,0.0,12,0,Dublin Airport
11/02/2016,7,6.4,-1.9,0.0,2016,A,7,0,0,0.0,3,0,Dublin Airport
11/02/2016,7,6.4,-1.9,0.0,2016,A,7,0,0,0.0,11,0,Dublin Airport
11/02/2016,7,6.4,-1.9,0.0,2016,A,7,0,0,0.0,5,0,Dublin Airport
11/02/2016,7,6.4,-1.9,0.0,2016,A,7,0,0,0.0,0,0,Dublin Airport
11/02/2016,7,6.4,-1.9,0.0,2016,A,7,0,0,0.0,6,0,Dublin Airport
11/02/2016,7,6.4,-1.9,0.0,2016,A,7,0,0,0.0,0,0,Dublin Airport
18/02/2016,8,7.1,-0.5,0.0,2016,A,8,0,0,0.0,5,0,Dublin Airport
18/02/2016,8,7.1,-0.5,0.0,2016,A,8,0,0,0.0,2,0,Dublin Airport
18/02/2016,8,7.1,-0.5,0.0,2016,A,8,0,0,0.0,0,0,Dublin Airport
18/02/2016,8,7.1,-0.5,0.0,2016,A,8,0,0,0.0,0,0,Dublin Airport
18/02/2016,8,7.1,-0.5,0.0,2016,A,8,0,0,0.0,0,0,Dublin Airport
18/02/2016,8,7.1,-0.5,0.0,2016,A,8,0,0,0.0,0,0,Dublin Airport
18/02/2016,8,7.1,-0.5,0.0,2016,A,8,0,0,0.0,0,0,Dublin Airport
18/02/2016,8,7.1,-0.5,0.0,2016,A,8,0,0,0.0,1,0,Dublin Airport
18/02/2016,8,7.1,-0.5,0.0,2016,A,8,0,0,0.0,2,0,Dublin Airport
18/02/2016,8,7.1,-0.5,0.0,2016,A,8,0,0,0.0,1,0,Dublin Airport
18/02/2016,8,7.1,-0.5,0.0,2016,A,8,0,0,0.0,3,0,Dublin Airport
18/02/2016,8,7.1,-0.5,0.0,2016,A,8,0,0,0.0,4,0,Dublin Airport
25/02/2016,9,4.7,-4.2,0.0,2016,A,9,0,0,0.0,6,0,Dublin Airport
25/02/2016,9,4.7,-4.2,0.0,2016,A,9,0,0,0.0,6,0,Dublin Airport
25/02/2016,9,4.7,-4.2,0.0,2016,A,9,0,0,0.0,0,0,Dublin Airport
25/02/2016,9,4.7,-4.2,0.0,2016,A,9,0,0,0.0,2,0,Dublin Airport
25/02/2016,9,4.7,-4.2,0.0,2016,A,9,0,0,0.0,0,0,Dublin Airport
25/02/2016,9,4.7,-4.2,0.0,2016,A,9,0,0,0.0,4,0,Dublin Airport
25/02/2016,9,4.7,-4.2,0.0,2016,A,9,0,0,0.0,5,0,Dublin Airport
25/02/2016,9,4.7,-4.2,0.0,2016,A,9,0,0,0.0,3,0,Dublin Airport
25/02/2016,9,4.7,-4.2,0.0,2016,A,9,0,0,0.0,0,0,Dublin Airport
25/02/2016,9,4.7,-4.2,0.0,2016,A,9,0,0,0.0,1,0,Dublin Airport
25/02/2016,9,4.7,-4.2,0.0,2016,A,9,0,0,0.0,7,0,Dublin Airport
25/02/2016,9,4.7,-4.2,0.0,2016,A,9,0,0,0.0,1,0,Dublin Airport
03/03/2016,10,8.4,0.2,3.1,2016,A,10,0,0,0.0,10,0,Dublin Airport
03/03/2016,10,8.4,0.2,3.1,2016,A,10,0,0,0.0,20,0,Dublin Airport
03/03/2016,10,8.4,0.2,3.1,2016,A,10,0,0,0.0,0,0,Dublin Airport
03/03/2016,10,8.4,0.2,3.1,2016,A,10,0,0,0.0,2,0,Dublin Airport
03/03/2016,10,8.4,0.2,3.1,2016,A,10,0,0,0.0,6,0,Dublin Airport
03/03/2016,10,8.4,0.2,3.1,2016,A,10,0,0,0.0,11,0,Dublin Airport
03/03/2016,10,8.4,0.2,3.1,2016,A,10,0,0,0.0,16,0,Dublin Airport
03/03/2016,10,8.4,0.2,3.1,2016,A,10,0,0,0.0,7,0,Dublin Airport
03/03/2016,10,8.4,0.2,3.1,2016,A,10,0,0,0.0,9,0,Dublin Airport
03/03/2016,10,8.4,0.2,3.1,2016,A,10,0,0,0.0,4,0,Dublin Airport
03/03/2016,10,8.4,0.2,3.1,2016,A,10,0,0,0.0,12,0,Dublin Airport
03/03/2016,10,8.4,0.2,3.1,2016,A,10,0,0,0.0,2,0,Dublin Airport
10/03/2016,11,10.1,2.9,0.0,2016,A,11,0,0,0.0,6,0,Dublin Airport
11/03/2016,11,12.8,5.2,0.0,2016,A,11,0,0,0.0,13,0,Dublin Airport
11/03/2016,11,12.8,5.2,0.0,2016,A,11,0,0,0.0,1,0,Dublin Airport
11/03/2016,11,12.8,5.2,0.0,2016,A,11,0,0,0.0,1,0,Dublin Airport
11/03/2016,11,12.8,5.2,0.0,2016,A,11,0,0,0.0,1,0,Dublin Airport
11/03/2016,11,12.8,5.2,0.0,2016,A,11,0,0,0.0,0,0,Dublin Airport
11/03/2016,11,12.8,5.2,0.0,2016,A,11,0,0,0.0,11,0,Dublin Airport
11/03/2016,11,12.8,5.2,0.0,2016,A,11,0,0,0.0,3,0,Dublin Airport
11/03/2016,11,12.8,5.2,0.0,2016,A,11,0,0,0.0,2,0,Dublin Airport
11/03/2016,11,12.8,5.2,0.0,2016,A,11,0,0,0.0,1,0,Dublin Airport
11/03/2016,11,12.8,5.2,0.0,2016,A,11,0,0,0.0,3,0,Dublin Airport
11/03/2016,11,12.8,5.2,0.0,2016,A,11,0,0,0.0,0,0,Dublin Airport
17/03/2016,12,8.3,-2.3,0.0,2016,A,12,0,0,0.0,77,0,Dublin Airport
18/03/2016,12,6.9,-4.0,0.0,2016,A,12,0,0,0.0,136,0,Dublin Airport
18/03/2016,12,6.9,-4.0,0.0,2016,A,12,0,0,0.0,15,0,Dublin Airport
18/03/2016,12,6.9,-4.0,0.0,2016,A,12,0,0,0.0,10,0,Dublin Airport
18/03/2016,12,6.9,-4.0,0.0,2016,A,12,0,0,0.0,11,0,Dublin Airport
18/03/2016,12,6.9,-4.0,0.0,2016,A,12,0,0,0.0,21,0,Dublin Airport
18/03/2016,12,6.9,-4.0,0.0,2016,A,12,0,0,0.0,116,0,Dublin Airport
18/03/2016,12,6.9,-4.0,0.0,2016,A,12,0,0,0.0,19,0,Dublin Airport
18/03/2016,12,6.9,-4.0,0.0,2016,A,12,0,0,0.0,73,0,Dublin Airport
18/03/2016,12,6.9,-4.0,0.0,2016,A,12,0,0,0.0,22,0,Dublin Airport
18/03/2016,12,6.9,-4.0,0.0,2016,A,12,1,1,2.0,23,0,Dublin Airport
18/03/2016,12,6.9,-4.0,0.0,2016,A,12,0,0,0.0,7,0,Dublin Airport
24/03/2016,13,11.7,4.5,3.2,2016,A,13,0,0,0.0,69,0,Dublin Airport
24/03/2016,13,11.7,4.5,3.2,2016,A,13,0,0,0.0,76,0,Dublin Airport
24/03/2016,13,11.7,4.5,3.2,2016,A,13,0,0,0.0,2,0,Dublin Airport
24/03/2016,13,11.7,4.5,3.2,2016,A,13,0,0,0.0,9,0,Dublin Airport
24/03/2016,13,11.7,4.5,3.2,2016,A,13,0,0,0.0,9,0,Dublin Airport
24/03/2016,13,11.7,4.5,3.2,2016,A,13,0,0,0.0,17,0,Dublin Airport
24/03/2016,13,11.7,4.5,3.2,2016,A,13,0,0,0.0,39,0,Dublin Airport
24/03/2016,13,11.7,4.5,3.2,2016,A,13,0,0,0.0,12,0,Dublin Airport
24/03/2016,13,11.7,4.5,3.2,2016,A,13,0,0,0.0,41,0,Dublin Airport
24/03/2016,13,11.7,4.5,3.2,2016,A,13,0,0,0.0,10,0,Dublin Airport
24/03/2016,13,11.7,4.5,3.2,2016,A,13,0,0,0.0,34,0,Dublin Airport
24/03/2016,13,11.7,4.5,3.2,2016,A,13,0,0,0.0,21,0,Dublin Airport
31/03/2016,14,11.7,1.4,0.0,2016,A,14,0,0,0.0,70,0,Dublin Airport
31/03/2016,14,11.7,1.4,0.0,2016,A,14,0,0,0.0,54,0,Dublin Airport
31/03/2016,14,11.7,1.4,0.0,2016,A,14,0,0,0.0,1,0,Dublin Airport
31/03/2016,14,11.7,1.4,0.0,2016,A,14,0,0,0.0,12,0,Dublin Airport
31/03/2016,14,11.7,1.4,0.0,2016,A,14,0,0,0.0,2,0,Dublin Airport
31/03/2016,14,11.7,1.4,0.0,2016,A,14,0,0,0.0,16,0,Dublin Airport
31/03/2016,14,11.7,1.4,0.0,2016,A,14,0,0,0.0,97,0,Dublin Airport
31/03/2016,14,11.7,1.4,0.0,2016,A,14,0,0,0.0,19,0,Dublin Airport
31/03/2016,14,11.7,1.4,0.0,2016,A,14,0,0,0.0,17,0,Dublin Airport
31/03/2016,14,11.7,1.4,0.0,2016,A,14,0,0,0.0,4,0,Dublin Airport
31/03/2016,14,11.7,1.4,0.0,2016,A,14,0,0,0.0,6,0,Dublin Airport
31/03/2016,14,11.7,1.4,0.0,2016,A,14,0,0,0.0,3,0,Dublin Airport
07/04/2016,15,12.0,3.3,0.6,2016,A,15,0,0,0.0,0,0,Dublin Airport
07/04/2016,15,12.0,3.3,0.6,2016,A,15,0,0,0.0,0,0,Dublin Airport
07/04/2016,15,12.0,3.3,0.6,2016,A,15,0,0,0.0,7,0,Dublin Airport
07/04/2016,15,12.0,3.3,0.6,2016,A,15,0,0,0.0,6,0,Dublin Airport
07/04/2016,15,12.0,3.3,0.6,2016,A,15,0,0,0.0,6,0,Dublin Airport
07/04/2016,15,12.0,3.3,0.6,2016,A,15,0,0,0.0,60,4,Dublin Airport
07/04/2016,15,12.0,3.3,0.6,2016,A,15,0,0,0.0,0,0,Dublin Airport
07/04/2016,15,12.0,3.3,0.6,2016,A,15,0,0,0.0,1,0,Dublin Airport
07/04/2016,15,12.0,3.3,0.6,2016,A,15,0,0,0.0,8,0,Dublin Airport
07/04/2016,15,12.0,3.3,0.6,2016,A,15,0,0,0.0,6,0,Dublin Airport
07/04/2016,15,12.0,3.3,0.6,2016,A,15,0,0,0.0,10,0,Dublin Airport
07/04/2016,15,12.0,3.3,0.6,2016,A,15,0,0,0.0,1,0,Dublin Airport
14/04/2016,16,10.7,3.4,0.6,2016,A,16,0,0,0.0,6,0,Dublin Airport
14/04/2016,16,10.7,3.4,0.6,2016,A,16,0,0,0.0,16,0,Dublin Airport
14/04/2016,16,10.7,3.4,0.6,2016,A,16,0,0,0.0,0,0,Dublin Airport
14/04/2016,16,10.7,3.4,0.6,2016,A,16,0,0,0.0,5,0,Dublin Airport
14/04/2016,16,10.7,3.4,0.6,2016,A,16,0,0,0.0,2,0,Dublin Airport
14/04/2016,16,10.7,3.4,0.6,2016,A,16,0,0,0.0,29,3,Dublin Airport
14/04/2016,16,10.7,3.4,0.6,2016,A,16,0,0,0.0,30,2,Dublin Airport
14/04/2016,16,10.7,3.4,0.6,2016,A,16,0,0,0.0,15,1,Dublin Airport
14/04/2016,16,10.7,3.4,0.6,2016,A,16,0,0,0.0,11,0,Dublin Airport
14/04/2016,16,10.7,3.4,0.6,2016,A,16,0,0,0.0,5,1,Dublin Airport
14/04/2016,16,10.7,3.4,0.6,2016,A,16,0,0,0.0,15,0,Dublin Airport
14/04/2016,16,10.7,3.4,0.6,2016,A,16,0,0,0.0,2,0,Dublin Airport
21/04/2016,17,12.7,1.9,0.0,2016,A,17,0,0,0.0,90,0,Dublin Airport
21/04/2016,17,12.7,1.9,0.0,2016,A,17,0,0,0.0,173,0,Dublin Airport
21/04/2016,17,12.7,1.9,0.0,2016,A,17,0,0,0.0,19,0,Dublin Airport
21/04/2016,17,12.7,1.9,0.0,2016,A,17,0,0,0.0,20,0,Dublin Airport
21/04/2016,17,12.7,1.9,0.0,2016,A,17,0,0,0.0,18,0,Dublin Airport
21/04/2016,17,12.7,1.9,0.0,2016,A,17,0,0,0.0,69,0,Dublin Airport
21/04/2016,17,12.7,1.9,0.0,2016,A,17,0,0,0.0,45,0,Dublin Airport
21/04/2016,17,12.7,1.9,0.0,2016,A,17,0,0,0.0,70,1,Dublin Airport
21/04/2016,17,12.7,1.9,0.0,2016,A,17,0,0,0.0,27,0,Dublin Airport
21/04/2016,17,12.7,1.9,0.0,2016,A,17,0,0,0.0,15,0,Dublin Airport
21/04/2016,17,12.7,1.9,0.0,2016,A,17,0,0,0.0,27,2,Dublin Airport
21/04/2016,17,12.7,1.9,0.0,2016,A,17,0,0,0.0,6,0,Dublin Airport
28/04/2016,18,8.8,0.3,2.9,2016,A,18,0,0,0.0,0,0,Dublin Airport
28/04/2016,18,8.8,0.3,2.9,2016,A,18,0,0,0.0,0,0,Dublin Airport
28/04/2016,18,8.8,0.3,2.9,2016,A,18,0,1,1.0,0,0,Dublin Airport
28/04/2016,18,8.8,0.3,2.9,2016,A,18,0,0,0.0,0,0,Dublin Airport
28/04/2016,18,8.8,0.3,2.9,2016,A,18,0,0,0.0,0,0,Dublin Airport
28/04/2016,18,8.8,0.3,2.9,2016,A,18,0,0,0.0,0,0,Dublin Airport
28/04/2016,18,8.8,0.3,2.9,2016,A,18,0,0,0.0,0,0,Dublin Airport
28/04/2016,18,8.8,0.3,2.9,2016,A,18,0,0,0.0,0,0,Dublin Airport
28/04/2016,18,8.8,0.3,2.9,2016,A,18,0,0,0.0,0,0,Dublin Airport
28/04/2016,18,8.8,0.3,2.9,2016,A,18,0,0,0.0,0,0,Dublin Airport
28/04/2016,18,8.8,0.3,2.9,2016,A,18,0,0,0.0,0,0,Dublin Airport
28/04/2016,18,8.8,0.3,2.9,2016,A,18,0,0,0.0,0,0,Dublin Airport
05/05/2016,19,15.9,6.4,0.0,2016,A,19,0,0,0.0,33,1,Dublin Airport
05/05/2016,19,15.9,6.4,0.0,2016,A,19,1,1,2.0,67,0,Dublin Airport
05/05/2016,19,15.9,6.4,0.0,2016,A,19,0,0,0.0,8,0,Dublin Airport
05/05/2016,19,15.9,6.4,0.0,2016,A,19,0,0,0.0,13,0,Dublin Airport
05/05/2016,19,15.9,6.4,0.0,2016,A,19,0,0,0.0,5,0,Dublin Airport
05/05/2016,19,15.9,6.4,0.0,2016,A,19,0,0,0.0,14,0,Dublin Airport
05/05/2016,19,15.9,6.4,0.0,2016,A,19,0,0,0.0,9,0,Dublin Airport
05/05/2016,19,15.9,6.4,0.0,2016,A,19,0,1,1.0,9,0,Dublin Airport
05/05/2016,19,15.9,6.4,0.0,2016,A,19,0,0,0.0,15,0,Dublin Airport
05/05/2016,19,15.9,6.4,0.0,2016,A,19,0,0,0.0,6,0,Dublin Airport
05/05/2016,19,15.9,6.4,0.0,2016,A,19,0,0,0.0,15,0,Dublin Airport
05/05/2016,19,15.9,6.4,0.0,2016,A,19,0,0,0.0,6,0,Dublin Airport
12/05/2016,20,17.4,10.0,0.0,2016,A,20,0,0,0.0,85,0,Dublin Airport
12/05/2016,20,17.4,10.0,0.0,2016,A,20,1,1,2.0,103,1,Dublin Airport
12/05/2016,20,17.4,10.0,0.0,2016,A,20,0,0,0.0,8,0,Dublin Airport
12/05/2016,20,17.4,10.0,0.0,2016,A,20,0,0,0.0,28,2,Dublin Airport
12/05/2016,20,17.4,10.0,0.0,2016,A,20,0,0,0.0,0,0,Dublin Airport
12/05/2016,20,17.4,10.0,0.0,2016,A,20,0,0,0.0,0,0,Dublin Airport
12/05/2016,20,17.4,10.0,0.0,2016,A,20,0,0,0.0,0,0,Dublin Airport
12/05/2016,20,17.4,10.0,0.0,2016,A,20,0,0,0.0,0,0,Dublin Airport
12/05/2016,20,17.4,10.0,0.0,2016,A,20,0,0,0.0,15,0,Dublin Airport
12/05/2016,20,17.4,10.0,0.0,2016,A,20,0,0,0.0,7,1,Dublin Airport
12/05/2016,20,17.4,10.0,0.0,2016,A,20,0,0,0.0,70,1,Dublin Airport
12/05/2016,20,17.4,10.0,0.0,2016,A,20,0,0,0.0,7,0,Dublin Airport
19/05/2016,21,18.0,7.0,4.6,2016,A,21,0,0,0.0,120,0,Dublin Airport
19/05/2016,21,18.0,7.0,4.6,2016,A,21,1,1,2.0,103,0,Dublin Airport
19/05/2016,21,18.0,7.0,4.6,2016,A,21,0,1,1.0,9,0,Dublin Airport
19/05/2016,21,18.0,7.0,4.6,2016,A,21,0,0,0.0,22,0,Dublin Airport
19/05/2016,21,18.0,7.0,4.6,2016,A,21,0,2,2.0,18,0,Dublin Airport
19/05/2016,21,18.0,7.0,4.6,2016,A,21,0,1,1.0,7,0,Dublin Airport
19/05/2016,21,18.0,7.0,4.6,2016,A,21,0,0,0.0,25,0,Dublin Airport
19/05/2016,21,18.0,7.0,4.6,2016,A,21,0,1,1.0,4,0,Dublin Airport
19/05/2016,21,18.0,7.0,4.6,2016,A,21,0,0,0.0,33,0,Dublin Airport
19/05/2016,21,18.0,7.0,4.6,2016,A,21,0,0,0.0,2,0,Dublin Airport
19/05/2016,21,18.0,7.0,4.6,2016,A,21,0,0,0.0,41,0,Dublin Airport
19/05/2016,21,18.0,7.0,4.6,2016,A,21,0,0,0.0,25,0,Dublin Airport
25/05/2016,22,12.0,7.9,0.0,2016,A,22,1,1,2.0,94,1,Dublin Airport
25/05/2016,22,12.0,7.9,0.0,2016,A,22,0,1,1.0,66,0,Dublin Airport
25/05/2016,22,12.0,7.9,0.0,2016,A,22,1,0,1.0,12,0,Dublin Airport
25/05/2016,22,12.0,7.9,0.0,2016,A,22,1,0,1.0,11,0,Dublin Airport
25/05/2016,22,12.0,7.9,0.0,2016,A,22,0,0,0.0,16,0,Dublin Airport
25/05/2016,22,12.0,7.9,0.0,2016,A,22,0,1,1.0,13,0,Dublin Airport
25/05/2016,22,12.0,7.9,0.0,2016,A,22,0,0,0.0,25,0,Dublin Airport
25/05/2016,22,12.0,7.9,0.0,2016,A,22,0,0,0.0,27,0,Dublin Airport
25/05/2016,22,12.0,7.9,0.0,2016,A,22,0,0,0.0,5,0,Dublin Airport
25/05/2016,22,12.0,7.9,0.0,2016,A,22,0,0,0.0,25,0,Dublin Airport
25/05/2016,22,12.0,7.9,0.0,2016,A,22,0,0,0.0,3,0,Dublin Airport
02/06/2016,23,16.2,3.8,0.0,2016,A,23,0,0,0.0,0,0,Dublin Airport
02/06/2016,23,16.2,3.8,0.0,2016,A,23,0,0,0.0,0,0,Dublin Airport
02/06/2016,23,16.2,3.8,0.0,2016,A,23,0,0,0.0,0,0,Dublin Airport
02/06/2016,23,16.2,3.8,0.0,2016,A,23,0,0,0.0,0,0,Dublin Airport
02/06/2016,23,16.2,3.8,0.0,2016,A,23,0,0,0.0,0,0,Dublin Airport
02/06/2016,23,16.2,3.8,0.0,2016,A,23,0,0,0.0,0,0,Dublin Airport
02/06/2016,23,16.2,3.8,0.0,2016,A,23,0,0,0.0,0,0,Dublin Airport
02/06/2016,23,16.2,3.8,0.0,2016,A,23,0,0,0.0,0,0,Dublin Airport
02/06/2016,23,16.2,3.8,0.0,2016,A,23,0,0,0.0,0,0,Dublin Airport
02/06/2016,23,16.2,3.8,0.0,2016,A,23,0,0,0.0,0,0,Dublin Airport
02/06/2016,23,16.2,3.8,0.0,2016,A,23,0,0,0.0,0,0,Dublin Airport
02/06/2016,23,16.2,3.8,0.0,2016,A,23,0,0,0.0,0,0,Dublin Airport
08/06/2016,24,19.0,12.1,0.0,2016,A,24,0,0,0.0,33,1,Dublin Airport
08/06/2016,24,19.0,12.1,0.0,2016,A,24,0,0,0.0,20,0,Dublin Airport
08/06/2016,24,19.0,12.1,0.0,2016,A,24,0,0,0.0,28,1,Dublin Airport
08/06/2016,24,19.0,12.1,0.0,2016,A,24,0,0,0.0,8,0,Dublin Airport
08/06/2016,24,19.0,12.1,0.0,2016,A,24,0,0,0.0,9,0,Dublin Airport
08/06/2016,24,19.0,12.1,0.0,2016,A,24,0,0,0.0,18,2,Dublin Airport
08/06/2016,24,19.0,12.1,0.0,2016,A,24,0,0,0.0,15,0,Dublin Airport
08/06/2016,24,19.0,12.1,0.0,2016,A,24,0,0,0.0,7,0,Dublin Airport
08/06/2016,24,19.0,12.1,0.0,2016,A,24,0,0,0.0,56,0,Dublin Airport
08/06/2016,24,19.0,12.1,0.0,2016,A,24,0,0,0.0,2,0,Dublin Airport
08/06/2016,24,19.0,12.1,0.0,2016,A,24,0,0,0.0,5,0,Dublin Airport
08/06/2016,24,19.0,12.1,0.0,2016,A,24,0,0,0.0,6,0,Dublin Airport
08/06/2016,24,19.0,12.1,0.0,2016,A,24,0,0,0.0,31,3,Dublin Airport
08/06/2016,24,19.0,12.1,0.0,2016,A,24,0,0,0.0,46,0,Dublin Airport
08/06/2016,24,19.0,12.1,0.0,2016,A,24,1,0,1.0,9,0,Dublin Airport
08/06/2016,24,19.0,12.1,0.0,2016,A,24,0,0,0.0,95,0,Dublin Airport
15/06/2016,25,17.5,8.3,0.1,2016,A,25,0,0,0.0,147,0,Dublin Airport
15/06/2016,25,17.5,8.3,0.1,2016,A,25,0,1,1.0,69,2,Dublin Airport
15/06/2016,25,17.5,8.3,0.1,2016,A,25,0,0,0.0,14,0,Dublin Airport
15/06/2016,25,17.5,8.3,0.1,2016,A,25,0,0,0.0,32,3,Dublin Airport
15/06/2016,25,17.5,8.3,0.1,2016,A,25,0,0,0.0,18,0,Dublin Airport
15/06/2016,25,17.5,8.3,0.1,2016,A,25,0,0,0.0,33,0,Dublin Airport
15/06/2016,25,17.5,8.3,0.1,2016,A,25,0,0,0.0,13,0,Dublin Airport
15/06/2016,25,17.5,8.3,0.1,2016,A,25,0,0,0.0,35,0,Dublin Airport
15/06/2016,25,17.5,8.3,0.1,2016,A,25,0,0,0.0,33,0,Dublin Airport
15/06/2016,25,17.5,8.3,0.1,2016,A,25,0,0,0.0,55,0,Dublin Airport
15/06/2016,25,17.5,8.3,0.1,2016,A,25,0,0,0.0,0,0,Dublin Airport
15/06/2016,25,17.5,8.3,0.1,2016,A,25,0,0,0.0,21,0,Dublin Airport
15/06/2016,25,17.5,8.3,0.1,2016,A,25,0,0,0.0,14,0,Dublin Airport
15/06/2016,25,17.5,8.3,0.1,2016,A,25,0,0,0.0,92,1,Dublin Airport
15/06/2016,25,17.5,8.3,0.1,2016,A,25,0,0,0.0,47,1,Dublin Airport
15/06/2016,25,17.5,8.3,0.1,2016,A,25,0,0,0.0,12,0,Dublin Airport
22/06/2016,26,18.9,8.3,0.0,2016,A,26,0,0,0.0,12,0,Dublin Airport
22/06/2016,26,18.9,8.3,0.0,2016,A,26,0,0,0.0,17,1,Dublin Airport
22/06/2016,26,18.9,8.3,0.0,2016,A,26,0,0,0.0,6,0,Dublin Airport
22/06/2016,26,18.9,8.3,0.0,2016,A,26,0,1,1.0,53,0,Dublin Airport
22/06/2016,26,18.9,8.3,0.0,2016,A,26,0,0,0.0,13,0,Dublin Airport
22/06/2016,26,18.9,8.3,0.0,2016,A,26,0,0,0.0,45,0,Dublin Airport
22/06/2016,26,18.9,8.3,0.0,2016,A,26,1,0,1.0,85,1,Dublin Airport
22/06/2016,26,18.9,8.3,0.0,2016,A,26,0,0,0.0,18,0,Dublin Airport
23/06/2016,26,20.4,7.2,0.3,2016,A,26,0,0,0.0,64,2,Dublin Airport
23/06/2016,26,20.4,7.2,0.3,2016,A,26,0,1,1.0,60,0,Dublin Airport
23/06/2016,26,20.4,7.2,0.3,2016,A,26,0,0,0.0,27,5,Dublin Airport
23/06/2016,26,20.4,7.2,0.3,2016,A,26,0,0,0.0,13,0,Dublin Airport
23/06/2016,26,20.4,7.2,0.3,2016,A,26,0,0,0.0,11,0,Dublin Airport
23/06/2016,26,20.4,7.2,0.3,2016,A,26,0,0,0.0,19,0,Dublin Airport
23/06/2016,26,20.4,7.2,0.3,2016,A,26,0,0,0.0,2,0,Dublin Airport
23/06/2016,26,20.4,7.2,0.3,2016,A,26,0,0,0.0,12,0,Dublin Airport
29/06/2016,27,17.3,10.3,14.7,2016,A,27,2,0,2.0,127,2,Dublin Airport
29/06/2016,27,17.3,10.3,14.7,2016,A,27,0,1,1.0,122,4,Dublin Airport
29/06/2016,27,17.3,10.3,14.7,2016,A,27,0,0,0.0,13,2,Dublin Airport
29/06/2016,27,17.3,10.3,14.7,2016,A,27,0,0,0.0,6,3,Dublin Airport
29/06/2016,27,17.3,10.3,14.7,2016,A,27,0,0,0.0,0,0,Dublin Airport
29/06/2016,27,17.3,10.3,14.7,2016,A,27,0,0,0.0,13,0,Dublin Airport
29/06/2016,27,17.3,10.3,14.7,2016,A,27,0,0,0.0,12,0,Dublin Airport
29/06/2016,27,17.3,10.3,14.7,2016,A,27,0,0,0.0,6,0,Dublin Airport
29/06/2016,27,17.3,10.3,14.7,2016,A,27,0,0,0.0,16,0,Dublin Airport
29/06/2016,27,17.3,10.3,14.7,2016,A,27,0,0,0.0,35,2,Dublin Airport
29/06/2016,27,17.3,10.3,14.7,2016,A,27,0,0,0.0,88,0,Dublin Airport
29/06/2016,27,17.3,10.3,14.7,2016,A,27,0,0,0.0,8,1,Dublin Airport
29/06/2016,27,17.3,10.3,14.7,2016,A,27,0,0,0.0,35,6,Dublin Airport
29/06/2016,27,17.3,10.3,14.7,2016,A,27,0,0,0.0,18,2,Dublin Airport
29/06/2016,27,17.3,10.3,14.7,2016,A,27,0,0,0.0,96,0,Dublin Airport
29/06/2016,27,17.3,10.3,14.7,2016,A,27,0,0,0.0,38,0,Dublin Airport
06/07/2016,28,18.6,8.5,0.0,2016,A,28,1,0,1.0,38,3,Dublin Airport
06/07/2016,28,18.6,8.5,0.0,2016,A,28,0,1,1.0,55,2,Dublin Airport
06/07/2016,28,18.6,8.5,0.0,2016,A,28,0,0,0.0,4,0,Dublin Airport
06/07/2016,28,18.6,8.5,0.0,2016,A,28,0,0,0.0,1,1,Dublin Airport
06/07/2016,28,18.6,8.5,0.0,2016,A,28,0,0,0.0,4,0,Dublin Airport
06/07/2016,28,18.6,8.5,0.0,2016,A,28,0,0,0.0,6,3,Dublin Airport
06/07/2016,28,18.6,8.5,0.0,2016,A,28,0,0,0.0,9,0,Dublin Airport
06/07/2016,28,18.6,8.5,0.0,2016,A,28,0,0,0.0,18,0,Dublin Airport
06/07/2016,28,18.6,8.5,0.0,2016,A,28,0,0,0.0,16,0,Dublin Airport
06/07/2016,28,18.6,8.5,0.0,2016,A,28,0,0,0.0,59,1,Dublin Airport
06/07/2016,28,18.6,8.5,0.0,2016,A,28,0,0,0.0,14,4,Dublin Airport
06/07/2016,28,18.6,8.5,0.0,2016,A,28,0,0,0.0,5,2,Dublin Airport
06/07/2016,28,18.6,8.5,0.0,2016,A,28,0,0,0.0,20,0,Dublin Airport
06/07/2016,28,18.6,8.5,0.0,2016,A,28,0,0,0.0,22,2,Dublin Airport
06/07/2016,28,18.6,8.5,0.0,2016,A,28,0,0,0.0,39,0,Dublin Airport
13/07/2016,29,16.5,9.1,3.6,2016,A,29,0,2,2.0,39,3,Dublin Airport
13/07/2016,29,16.5,9.1,3.6,2016,A,29,2,0,2.0,73,15,Dublin Airport
13/07/2016,29,16.5,9.1,3.6,2016,A,29,0,0,0.0,4,0,Dublin Airport
13/07/2016,29,16.5,9.1,3.6,2016,A,29,0,1,1.0,65,1,Dublin Airport
13/07/2016,29,16.5,9.1,3.6,2016,A,29,0,0,0.0,52,2,Dublin Airport
13/07/2016,29,16.5,9.1,3.6,2016,A,29,0,0,0.0,39,11,Dublin Airport
13/07/2016,29,16.5,9.1,3.6,2016,A,29,0,0,0.0,28,3,Dublin Airport
13/07/2016,29,16.5,9.1,3.6,2016,A,29,0,1,1.0,66,3,Dublin Airport
13/07/2016,29,16.5,9.1,3.6,2016,A,29,0,0,0.0,16,0,Dublin Airport
13/07/2016,29,16.5,9.1,3.6,2016,A,29,0,0,0.0,38,2,Dublin Airport
14/07/2016,29,18.3,8.4,0.1,2016,A,29,0,0,0.0,3,5,Dublin Airport
14/07/2016,29,18.3,8.4,0.1,2016,A,29,0,0,0.0,11,6,Dublin Airport
14/07/2016,29,18.3,8.4,0.1,2016,A,29,0,0,0.0,0,0,Dublin Airport
14/07/2016,29,18.3,8.4,0.1,2016,A,29,1,0,1.0,8,1,Dublin Airport
14/07/2016,29,18.3,8.4,0.1,2016,A,29,0,0,0.0,13,5,Dublin Airport
14/07/2016,29,18.3,8.4,0.1,2016,A,29,0,0,0.0,26,1,Dublin Airport
14/07/2016,29,18.3,8.4,0.1,2016,A,29,0,0,0.0,1,0,Dublin Airport
20/07/2016,30,21.0,14.7,1.3,2016,A,30,0,0,0.0,77,0,Dublin Airport
20/07/2016,30,21.0,14.7,1.3,2016,A,30,0,0,0.0,32,1,Dublin Airport
20/07/2016,30,21.0,14.7,1.3,2016,A,30,0,0,0.0,81,6,Dublin Airport
20/07/2016,30,21.0,14.7,1.3,2016,A,30,0,0,0.0,0,0,Dublin Airport
20/07/2016,30,21.0,14.7,1.3,2016,A,30,0,0,0.0,28,2,Dublin Airport
20/07/2016,30,21.0,14.7,1.3,2016,A,30,0,0,0.0,8,2,Dublin Airport
20/07/2016,30,21.0,14.7,1.3,2016,A,30,0,0,0.0,11,2,Dublin Airport
20/07/2016,30,21.0,14.7,1.3,2016,A,30,2,1,3.0,159,9,Dublin Airport
20/07/2016,30,21.0,14.7,1.3,2016,A,30,0,0,0.0,40,8,Dublin Airport
20/07/2016,30,21.0,14.7,1.3,2016,A,30,0,0,0.0,47,8,Dublin Airport
20/07/2016,30,21.0,14.7,1.3,2016,A,30,0,0,0.0,122,0,Dublin Airport
20/07/2016,30,21.0,14.7,1.3,2016,A,30,0,0,0.0,85,5,Dublin Airport
20/07/2016,30,21.0,14.7,1.3,2016,A,30,0,0,0.0,42,2,Dublin Airport
20/07/2016,30,21.0,14.7,1.3,2016,A,30,0,0,0.0,39,3,Dublin Airport
20/07/2016,30,21.0,14.7,1.3,2016,A,30,0,0,0.0,43,3,Dublin Airport
20/07/2016,30,21.0,14.7,1.3,2016,A,30,0,0,0.0,56,8,Dublin Airport
20/07/2016,30,21.0,14.7,1.3,2016,A,30,0,0,0.0,43,1,Dublin Airport
27/07/2016,31,18.6,12.7,0.6,2016,A,31,0,0,0.0,78,1,Dublin Airport
27/07/2016,31,18.6,12.7,0.6,2016,A,31,2,0,2.0,105,8,Dublin Airport
27/07/2016,31,18.6,12.7,0.6,2016,A,31,0,0,0.0,65,11,Dublin Airport
27/07/2016,31,18.6,12.7,0.6,2016,A,31,0,0,0.0,14,1,Dublin Airport
27/07/2016,31,18.6,12.7,0.6,2016,A,31,0,0,0.0,17,1,Dublin Airport
27/07/2016,31,18.6,12.7,0.6,2016,A,31,0,0,0.0,2,0,Dublin Airport
27/07/2016,31,18.6,12.7,0.6,2016,A,31,0,0,0.0,18,1,Dublin Airport
27/07/2016,31,18.6,12.7,0.6,2016,A,31,0,0,0.0,21,1,Dublin Airport
27/07/2016,31,18.6,12.7,0.6,2016,A,31,0,0,0.0,126,8,Dublin Airport
27/07/2016,31,18.6,12.7,0.6,2016,A,31,0,0,0.0,54,2,Dublin Airport
27/07/2016,31,18.6,12.7,0.6,2016,A,31,0,0,0.0,43,0,Dublin Airport
27/07/2016,31,18.6,12.7,0.6,2016,A,31,0,0,0.0,4,2,Dublin Airport
27/07/2016,31,18.6,12.7,0.6,2016,A,31,0,0,0.0,217,14,Dublin Airport
27/07/2016,31,18.6,12.7,0.6,2016,A,31,0,0,0.0,64,2,Dublin Airport
27/07/2016,31,18.6,12.7,0.6,2016,A,31,0,0,0.0,34,2,Dublin Airport
27/07/2016,31,18.6,12.7,0.6,2016,A,31,0,0,0.0,84,7,Dublin Airport
27/07/2016,31,18.6,12.7,0.6,2016,A,31,0,0,0.0,35,1,Dublin Airport
03/08/2016,32,17.9,14.3,1.7,2016,A,32,1,1,2.0,107,4,Dublin Airport
03/08/2016,32,17.9,14.3,1.7,2016,A,32,0,1,1.0,107,4,Dublin Airport
03/08/2016,32,17.9,14.3,1.7,2016,A,32,1,0,1.0,67,4,Dublin Airport
03/08/2016,32,17.9,14.3,1.7,2016,A,32,0,0,0.0,17,2,Dublin Airport
03/08/2016,32,17.9,14.3,1.7,2016,A,32,1,0,1.0,78,5,Dublin Airport
03/08/2016,32,17.9,14.3,1.7,2016,A,32,0,0,0.0,32,1,Dublin Airport
10/08/2016,33,14.8,10.5,2.5,2016,A,33,0,0,0.0,1,1,Dublin Airport
10/08/2016,33,14.8,10.5,2.5,2016,A,33,0,0,0.0,36,28,Dublin Airport
10/08/2016,33,14.8,10.5,2.5,2016,A,33,0,0,0.0,24,0,Dublin Airport
10/08/2016,33,14.8,10.5,2.5,2016,A,33,1,0,1.0,131,13,Dublin Airport
10/08/2016,33,14.8,10.5,2.5,2016,A,33,0,0,0.0,327,145,Dublin Airport
10/08/2016,33,14.8,10.5,2.5,2016,A,33,0,0,0.0,25,12,Dublin Airport
10/08/2016,33,14.8,10.5,2.5,2016,A,33,3,1,4.0,249,7,Dublin Airport
10/08/2016,33,14.8,10.5,2.5,2016,A,33,0,0,0.0,21,8,Dublin Airport
10/08/2016,33,14.8,10.5,2.5,2016,A,33,1,0,1.0,36,12,Dublin Airport
10/08/2016,33,14.8,10.5,2.5,2016,A,34,0,0,0.0,,,Dublin Airport
10/08/2016,33,14.8,10.5,2.5,2016,A,34,0,0,0.0,,,Dublin Airport
17/08/2016,34,18.5,13.3,11.9,2016,A,34,0,0,0.0,10,1,Dublin Airport
17/08/2016,34,18.5,13.3,11.9,2016,A,34,0,1,1.0,198,133,Dublin Airport
17/08/2016,34,18.5,13.3,11.9,2016,A,34,1,0,1.0,161,6,Dublin Airport
17/08/2016,34,18.5,13.3,11.9,2016,A,34,5,1,6.0,126,11,Dublin Airport
24/08/2016,35,20.1,10.6,0.0,2016,A,35,0,0,0.0,6,0,Dublin Airport
24/08/2016,35,20.1,10.6,0.0,2016,A,35,0,1,1.0,101,47,Dublin Airport
24/08/2016,35,20.1,10.6,0.0,2016,A,35,0,0,0.0,153,20,Dublin Airport
24/08/2016,35,20.1,10.6,0.0,2016,A,35,4,0,4.0,783,24,Dublin Airport
24/08/2016,35,20.1,10.6,0.0,2016,A,35,1,0,1.0,274,19,Dublin Airport
24/08/2016,35,20.1,10.6,0.0,2016,A,35,2,1,3.0,345,10,Dublin Airport
31/08/2016,36,18.6,10.7,0.4,2016,A,36,2,1,3.0,2310,69,Dublin Airport
31/08/2016,36,18.6,10.7,0.4,2016,A,36,0,0,0.0,182,35,Dublin Airport
31/08/2016,36,18.6,10.7,0.4,2016,A,36,0,0,0.0,124,38,Dublin Airport
31/08/2016,36,18.6,10.7,0.4,2016,A,36,3,0,3.0,473,187,Dublin Airport
31/08/2016,36,18.6,10.7,0.4,2016,A,36,5,1,6.0,494,41,Dublin Airport
31/08/2016,36,18.6,10.7,0.4,2016,A,36,21,15,36.0,1166,159,Dublin Airport
07/09/2016,37,20.7,16.7,0.9,2016,A,37,2,1,3.0,594,36,Dublin Airport
07/09/2016,37,20.7,16.7,0.9,2016,A,37,1,3,4.0,130,36,Dublin Airport
07/09/2016,37,20.7,16.7,0.9,2016,A,37,2,8,10.0,119,24,Dublin Airport
14/09/2016,38,19.3,11.9,0.0,2016,A,38,0,0,0.0,11,3,Dublin Airport
14/09/2016,38,19.3,11.9,0.0,2016,A,38,0,0,0.0,54,8,Dublin Airport
14/09/2016,38,19.3,11.9,0.0,2016,A,38,1,2,3.0,839,48,Dublin Airport
14/09/2016,38,19.3,11.9,0.0,2016,A,38,5,7,12.0,160,13,Dublin Airport
14/09/2016,38,19.3,11.9,0.0,2016,A,38,20,16,36.0,160,23,Dublin Airport
21/09/2016,39,16.3,8.1,6.5,2016,A,39,0,0,0.0,22,1,Dublin Airport
21/09/2016,39,16.3,8.1,6.5,2016,A,39,1,1,2.0,65,5,Dublin Airport
21/09/2016,39,16.3,8.1,6.5,2016,A,39,5,4,9.0,460,23,Dublin Airport
21/09/2016,39,16.3,8.1,6.5,2016,A,39,1,9,10.0,84,15,Dublin Airport
21/09/2016,39,16.3,8.1,6.5,2016,A,39,22,14,36.0,105,29,Dublin Airport
29/09/2016,40,15.7,9.5,0.3,2016,A,40,0,0,0.0,1,0,Dublin Airport
29/09/2016,40,15.7,9.5,0.3,2016,A,40,54,31,85.0,731,53,Dublin Airport
29/09/2016,40,15.7,9.5,0.3,2016,A,40,3,3,6.0,68,26,Dublin Airport
29/09/2016,40,15.7,9.5,0.3,2016,A,40,47,23,70.0,179,25,Dublin Airport
29/09/2016,40,15.7,9.5,0.3,2016,A,40,83,57,140.0,255,39,Dublin Airport
05/10/2016,41,16.0,10.3,0.0,2016,A,41,2,1,3.0,13,3,Dublin Airport
05/10/2016,41,16.0,10.3,0.0,2016,A,41,45,24,69.0,734,66,Dublin Airport
05/10/2016,41,16.0,10.3,0.0,2016,A,41,4,5,9.0,70,16,Dublin Airport
05/10/2016,41,16.0,10.3,0.0,2016,A,41,32,24,56.0,169,32,Dublin Airport
05/10/2016,41,16.0,10.3,0.0,2016,A,41,67,34,101.0,242,61,Dublin Airport
12/10/2016,42,12.6,3.1,1.2,2016,A,42,0,0,0.0,30,26,Dublin Airport
12/10/2016,42,12.6,3.1,1.2,2016,A,42,2,1,3.0,63,24,Dublin Airport
12/10/2016,42,12.6,3.1,1.2,2016,A,42,40,21,61.0,816,74,Dublin Airport
12/10/2016,42,12.6,3.1,1.2,2016,A,42,9,5,14.0,80,15,Dublin Airport
12/10/2016,42,12.6,3.1,1.2,2016,A,42,54,39,93.0,247,35,Dublin Airport
12/10/2016,42,12.6,3.1,1.2,2016,A,42,59,20,79.0,186,25,Dublin Airport
19/10/2016,43,12.6,4.4,0.0,2016,A,43,1,1,2.0,15,6,Dublin Airport
19/10/2016,43,12.6,4.4,0.0,2016,A,43,3,3,6.0,103,18,Dublin Airport
19/10/2016,43,12.6,4.4,0.0,2016,A,43,19,12,31.0,382,37,Dublin Airport
19/10/2016,43,12.6,4.4,0.0,2016,A,43,13,7,20.0,46,4,Dublin Airport
19/10/2016,43,12.6,4.4,0.0,2016,A,43,42,11,53.0,114,10,Dublin Airport
26/10/2016,44,14.5,10.3,0.1,2016,A,44,0,0,0.0,31,10,Dublin Airport
26/10/2016,44,14.5,10.3,0.1,2016,A,44,13,13,26.0,345,40,Dublin Airport
26/10/2016,44,14.5,10.3,0.1,2016,A,44,7,2,9.0,203,21,Dublin Airport
26/10/2016,44,14.5,10.3,0.1,2016,A,44,10,5,15.0,137,13,Dublin Airport
26/10/2016,44,14.5,10.3,0.1,2016,A,44,13,6,19.0,74,7,Dublin Airport
02/11/2016,45,9.8,1.1,0.0,2016,A,45,2,0,2.0,11,3,Dublin Airport
02/11/2016,45,9.8,1.1,0.0,2016,A,45,3,2,5.0,42,6,Dublin Airport
02/11/2016,45,9.8,1.1,0.0,2016,A,45,13,7,20.0,274,53,Dublin Airport
02/11/2016,45,9.8,1.1,0.0,2016,A,45,3,3,6.0,38,8,Dublin Airport
02/11/2016,45,9.8,1.1,0.0,2016,A,45,14,4,18.0,62,11,Dublin Airport
09/11/2016,46,9.8,3.2,0.0,2016,A,46,1,0,1.0,15,2,Dublin Airport
09/11/2016,46,9.8,3.2,0.0,2016,A,46,8,0,8.0,46,1,Dublin Airport
09/11/2016,46,9.8,3.2,0.0,2016,A,46,6,2,8.0,160,13,Dublin Airport
09/11/2016,46,9.8,3.2,0.0,2016,A,46,0,0,0.0,13,3,Dublin Airport
09/11/2016,46,9.8,3.2,0.0,2016,A,46,3,0,3.0,15,3,Dublin Airport
16/11/2016,47,10.6,5.2,1.0,2016,A,47,0,1,1.0,7,2,Dublin Airport
16/11/2016,47,10.6,5.2,1.0,2016,A,47,0,0,0.0,9,2,Dublin Airport
16/11/2016,47,10.6,5.2,1.0,2016,A,47,7,6,13.0,87,5,Dublin Airport
16/11/2016,47,10.6,5.2,1.0,2016,A,47,14,9,23.0,242,8,Dublin Airport
16/11/2016,47,10.6,5.2,1.0,2016,A,47,0,1,1.0,7,2,Dublin Airport
16/11/2016,47,10.6,5.2,1.0,2016,A,47,0,1,1.0,19,1,Dublin Airport
23/11/2016,48,7.6,-0.8,0.0,2016,A,48,0,0,0.0,2,0,Dublin Airport
23/11/2016,48,7.6,-0.8,0.0,2016,A,48,0,0,0.0,6,5,Dublin Airport
23/11/2016,48,7.6,-0.8,0.0,2016,A,48,1,1,2.0,24,5,Dublin Airport
23/11/2016,48,7.6,-0.8,0.0,2016,A,48,1,0,1.0,53,1,Dublin Airport
23/11/2016,48,7.6,-0.8,0.0,2016,A,48,1,0,1.0,3,0,Dublin Airport
23/11/2016,48,7.6,-0.8,0.0,2016,A,48,0,0,0.0,1,0,Dublin Airport
30/11/2016,49,7.5,-0.2,0.0,2016,A,49,0,0,0.0,0,0,Dublin Airport
30/11/2016,49,7.5,-0.2,0.0,2016,A,49,2,0,2.0,8,2,Dublin Airport
30/11/2016,49,7.5,-0.2,0.0,2016,A,49,3,3,6.0,49,0,Dublin Airport
30/11/2016,49,7.5,-0.2,0.0,2016,A,49,2,2,4.0,126,0,Dublin Airport
30/11/2016,49,7.5,-0.2,0.0,2016,A,49,1,0,1.0,11,0,Dublin Airport
30/11/2016,49,7.5,-0.2,0.0,2016,A,49,1,0,1.0,30,0,Dublin Airport
19/04/2017,16,14.3,8.1,1.2,2017,A,16,1,2,3.0,200,1,Dublin Airport
19/04/2017,16,14.3,8.1,1.2,2017,A,16,1,2,3.0,110,0,Dublin Airport
19/04/2017,16,14.3,8.1,1.2,2017,A,16,0,0,0.0,42,0,Dublin Airport
19/04/2017,16,14.3,8.1,1.2,2017,A,16,0,0,0.0,63,0,Dublin Airport
19/04/2017,16,14.3,8.1,1.2,2017,A,16,0,0,0.0,41,0,Dublin Airport
19/04/2017,16,14.3,8.1,1.2,2017,A,16,0,0,0.0,83,0,Dublin Airport
19/04/2017,16,14.3,8.1,1.2,2017,A,16,0,0,0.0,65,0,Dublin Airport
19/04/2017,16,14.3,8.1,1.2,2017,A,16,0,1,1.0,31,1,Dublin Airport
19/04/2017,16,14.3,8.1,1.2,2017,A,16,0,0,0.0,63,0,Dublin Airport
26/04/2017,17,9.7,-1.1,0.0,2017,A,17,2,2,4.0,261,1,Dublin Airport
26/04/2017,17,9.7,-1.1,0.0,2017,A,17,14,15,29.0,447,1,Dublin Airport
26/04/2017,17,9.7,-1.1,0.0,2017,A,17,0,0,0.0,81,0,Dublin Airport
26/04/2017,17,9.7,-1.1,0.0,2017,A,17,0,0,0.0,69,0,Dublin Airport
26/04/2017,17,9.7,-1.1,0.0,2017,A,17,0,0,0.0,130,0,Dublin Airport
26/04/2017,17,9.7,-1.1,0.0,2017,A,17,0,0,0.0,89,1,Dublin Airport
26/04/2017,17,9.7,-1.1,0.0,2017,A,17,0,1,1.0,7,0,Dublin Airport
26/04/2017,17,9.7,-1.1,0.0,2017,A,17,0,2,2.0,30,0,Dublin Airport
26/04/2017,17,9.7,-1.1,0.0,2017,A,17,0,0,0.0,34,0,Dublin Airport
26/04/2017,17,9.7,-1.1,0.0,2017,A,17,0,0,0.0,5,0,Dublin Airport
26/04/2017,17,9.7,-1.1,0.0,2017,A,17,0,0,0.0,6,0,Dublin Airport
03/05/2017,18,14.8,4.3,0.0,2017,A,18,0,2,2.0,596,1,Dublin Airport
03/05/2017,18,14.8,4.3,0.0,2017,A,18,2,2,4.0,310,0,Dublin Airport
03/05/2017,18,14.8,4.3,0.0,2017,A,18,0,0,0.0,26,0,Dublin Airport
03/05/2017,18,14.8,4.3,0.0,2017,A,18,0,1,1.0,24,0,Dublin Airport
03/05/2017,18,14.8,4.3,0.0,2017,A,18,0,0,0.0,43,0,Dublin Airport
03/05/2017,18,14.8,4.3,0.0,2017,A,18,1,1,2.0,83,1,Dublin Airport
03/05/2017,18,14.8,4.3,0.0,2017,A,18,1,0,1.0,88,0,Dublin Airport
03/05/2017,18,14.8,4.3,0.0,2017,A,18,0,0,0.0,41,0,Dublin Airport
03/05/2017,18,14.8,4.3,0.0,2017,A,18,0,0,0.0,66,0,Dublin Airport
03/05/2017,18,14.8,4.3,0.0,2017,A,18,0,0,0.0,62,0,Dublin Airport
09/05/2017,19,12.0,-0.5,0.0,2017,A,19,6,9,15.0,302,4,Dublin Airport
09/05/2017,19,12.0,-0.5,0.0,2017,A,19,2,6,8.0,658,1,Dublin Airport
09/05/2017,19,12.0,-0.5,0.0,2017,A,19,0,0,0.0,2,0,Dublin Airport
09/05/2017,19,12.0,-0.5,0.0,2017,A,19,0,0,0.0,24,0,Dublin Airport
09/05/2017,19,12.0,-0.5,0.0,2017,A,19,0,0,0.0,0,0,Dublin Airport
09/05/2017,19,12.0,-0.5,0.0,2017,A,19,0,1,1.0,15,0,Dublin Airport
09/05/2017,19,12.0,-0.5,0.0,2017,A,19,0,1,1.0,91,0,Dublin Airport
09/05/2017,19,12.0,-0.5,0.0,2017,A,19,0,0,0.0,76,1,Dublin Airport
09/05/2017,19,12.0,-0.5,0.0,2017,A,19,0,2,2.0,41,0,Dublin Airport
09/05/2017,19,12.0,-0.5,0.0,2017,A,19,1,0,1.0,38,0,Dublin Airport
09/05/2017,19,12.0,-0.5,0.0,2017,A,19,0,1,1.0,128,0,Dublin Airport
17/05/2017,20,16.9,6.5,1.2,2017,A,20,1,6,7.0,846,10,Dublin Airport
17/05/2017,20,16.9,6.5,1.2,2017,A,20,2,5,7.0,403,15,Dublin Airport
17/05/2017,20,16.9,6.5,1.2,2017,A,20,0,3,3.0,94,0,Dublin Airport
17/05/2017,20,16.9,6.5,1.2,2017,A,20,0,0,0.0,17,0,Dublin Airport
17/05/2017,20,16.9,6.5,1.2,2017,A,20,0,4,4.0,168,0,Dublin Airport
17/05/2017,20,16.9,6.5,1.2,2017,A,20,0,1,1.0,105,0,Dublin Airport
17/05/2017,20,16.9,6.5,1.2,2017,A,20,1,1,2.0,89,0,Dublin Airport
17/05/2017,20,16.9,6.5,1.2,2017,A,20,0,1,1.0,55,0,Dublin Airport
17/05/2017,20,16.9,6.5,1.2,2017,A,20,0,0,0.0,45,0,Dublin Airport
17/05/2017,20,16.9,6.5,1.2,2017,A,20,0,2,2.0,42,1,Dublin Airport
17/05/2017,20,16.9,6.5,1.2,2017,A,20,0,1,1.0,109,0,Dublin Airport
24/05/2017,21,20.2,9.1,0.0,2017,A,21,3,5,8.0,690,11,Dublin Airport
24/05/2017,21,20.2,9.1,0.0,2017,A,21,2,6,8.0,435,6,Dublin Airport
24/05/2017,21,20.2,9.1,0.0,2017,A,21,0,0,0.0,57,0,Dublin Airport
24/05/2017,21,20.2,9.1,0.0,2017,A,21,1,5,6.0,105,0,Dublin Airport
24/05/2017,21,20.2,9.1,0.0,2017,A,21,0,0,0.0,114,0,Dublin Airport
24/05/2017,21,20.2,9.1,0.0,2017,A,21,2,0,2.0,43,0,Dublin Airport
24/05/2017,21,20.2,9.1,0.0,2017,A,21,5,4,9.0,112,0,Dublin Airport
24/05/2017,21,20.2,9.1,0.0,2017,A,21,0,1,1.0,46,0,Dublin Airport
24/05/2017,21,20.2,9.1,0.0,2017,A,21,0,0,0.0,41,0,Dublin Airport
24/05/2017,21,20.2,9.1,0.0,2017,A,21,0,0,0.0,15,0,Dublin Airport
24/05/2017,21,20.2,9.1,0.0,2017,A,21,0,0,0.0,119,1,Dublin Airport
31/05/2017,22,18.0,6.4,0.0,2017,A,22,2,9,11.0,1083,38,Dublin Airport
31/05/2017,22,18.0,6.4,0.0,2017,A,22,2,0,2.0,254,8,Dublin Airport
31/05/2017,22,18.0,6.4,0.0,2017,A,22,0,1,1.0,44,0,Dublin Airport
31/05/2017,22,18.0,6.4,0.0,2017,A,22,1,1,2.0,131,0,Dublin Airport
31/05/2017,22,18.0,6.4,0.0,2017,A,22,0,2,2.0,77,0,Dublin Airport
31/05/2017,22,18.0,6.4,0.0,2017,A,22,0,0,0.0,46,0,Dublin Airport
31/05/2017,22,18.0,6.4,0.0,2017,A,22,1,1,2.0,26,0,Dublin Airport
31/05/2017,22,18.0,6.4,0.0,2017,A,22,0,1,1.0,19,0,Dublin Airport
31/05/2017,22,18.0,6.4,0.0,2017,A,22,0,0,0.0,11,0,Dublin Airport
31/05/2017,22,18.0,6.4,0.0,2017,A,22,0,0,0.0,37,0,Dublin Airport
31/05/2017,22,18.0,6.4,0.0,2017,A,22,0,0,0.0,206,0,Dublin Airport
07/06/2017,23,15.9,7.9,2.7,2017,A,23,1,4,5.0,297,29,Dublin Airport
07/06/2017,23,15.9,7.9,2.7,2017,A,23,2,5,7.0,1259,145,Dublin Airport
07/06/2017,23,15.9,7.9,2.7,2017,A,23,0,0,0.0,73,0,Dublin Airport
07/06/2017,23,15.9,7.9,2.7,2017,A,23,0,1,1.0,110,0,Dublin Airport
07/06/2017,23,15.9,7.9,2.7,2017,A,23,0,0,0.0,52,2,Dublin Airport
14/06/2017,24,20.5,11.8,0.0,2017,A,24,0,2,2.0,833,82,Dublin Airport
14/06/2017,24,20.5,11.8,0.0,2017,A,24,2,11,13.0,525,27,Dublin Airport
14/06/2017,24,20.5,11.8,0.0,2017,A,24,0,0,0.0,93,1,Dublin Airport
14/06/2017,24,20.5,11.8,0.0,2017,A,24,0,0,0.0,185,1,Dublin Airport
14/06/2017,24,20.5,11.8,0.0,2017,A,24,0,1,1.0,60,0,Dublin Airport
14/06/2017,24,20.5,11.8,0.0,2017,A,24,0,0,0.0,133,0,Dublin Airport
14/06/2017,24,20.5,11.8,0.0,2017,A,24,1,0,1.0,159,0,Dublin Airport
14/06/2017,24,20.5,11.8,0.0,2017,A,24,1,0,1.0,93,3,Dublin Airport
14/06/2017,24,20.5,11.8,0.0,2017,A,24,0,0,0.0,43,0,Dublin Airport
14/06/2017,24,20.5,11.8,0.0,2017,A,24,0,0,0.0,6,0,Dublin Airport
14/06/2017,24,20.5,11.8,0.0,2017,A,24,0,0,0.0,166,2,Dublin Airport
21/06/2017,25,26.3,11.0,1.5,2017,A,25,5,8,13.0,884,61,Dublin Airport
21/06/2017,25,26.3,11.0,1.5,2017,A,25,3,0,3.0,1970,138,Dublin Airport
21/06/2017,25,26.3,11.0,1.5,2017,A,25,0,0,0.0,76,2,Dublin Airport
21/06/2017,25,26.3,11.0,1.5,2017,A,25,0,0,0.0,77,2,Dublin Airport
21/06/2017,25,26.3,11.0,1.5,2017,A,25,0,0,0.0,33,0,Dublin Airport
21/06/2017,25,26.3,11.0,1.5,2017,A,25,0,0,0.0,101,1,Dublin Airport
21/06/2017,25,26.3,11.0,1.5,2017,A,25,0,0,0.0,181,2,Dublin Airport
21/06/2017,25,26.3,11.0,1.5,2017,A,25,0,0,0.0,58,0,Dublin Airport
21/06/2017,25,26.3,11.0,1.5,2017,A,25,0,0,0.0,37,0,Dublin Airport
21/06/2017,25,26.3,11.0,1.5,2017,A,25,0,0,0.0,15,0,Dublin Airport
21/06/2017,25,26.3,11.0,1.5,2017,A,25,0,0,0.0,143,1,Dublin Airport
28/06/2017,26,14.0,10.8,7.4,2017,A,26,15,2,17.0,1067,92,Dublin Airport
28/06/2017,26,14.0,10.8,7.4,2017,A,26,0,9,9.0,327,16,Dublin Airport
28/06/2017,26,14.0,10.8,7.4,2017,A,26,0,0,0.0,40,1,Dublin Airport
28/06/2017,26,14.0,10.8,7.4,2017,A,26,1,0,1.0,77,3,Dublin Airport
28/06/2017,26,14.0,10.8,7.4,2017,A,26,0,0,0.0,34,0,Dublin Airport
28/06/2017,26,14.0,10.8,7.4,2017,A,26,0,0,0.0,19,0,Dublin Airport
28/06/2017,26,14.0,10.8,7.4,2017,A,26,2,2,4.0,92,1,Dublin Airport
28/06/2017,26,14.0,10.8,7.4,2017,A,26,0,0,0.0,15,1,Dublin Airport
28/06/2017,26,14.0,10.8,7.4,2017,A,26,0,0,0.0,46,0,Dublin Airport
28/06/2017,26,14.0,10.8,7.4,2017,A,26,1,0,1.0,15,0,Dublin Airport
28/06/2017,26,14.0,10.8,7.4,2017,A,26,0,0,0.0,152,4,Dublin Airport
05/07/2017,27,18.1,11.9,0.0,2017,A,27,5,5,10.0,473,23,Dublin Airport
05/07/2017,27,18.1,11.9,0.0,2017,A,27,2,5,7.0,353,17,Dublin Airport
05/07/2017,27,18.1,11.9,0.0,2017,A,27,0,0,0.0,89,0,Dublin Airport
05/07/2017,27,18.1,11.9,0.0,2017,A,27,1,1,2.0,73,1,Dublin Airport
05/07/2017,27,18.1,11.9,0.0,2017,A,27,0,0,0.0,4,0,Dublin Airport
05/07/2017,27,18.1,11.9,0.0,2017,A,27,0,0,0.0,22,0,Dublin Airport
05/07/2017,27,18.1,11.9,0.0,2017,A,27,0,0,0.0,103,5,Dublin Airport
05/07/2017,27,18.1,11.9,0.0,2017,A,27,0,1,1.0,34,1,Dublin Airport
05/07/2017,27,18.1,11.9,0.0,2017,A,27,0,0,0.0,37,0,Dublin Airport
05/07/2017,27,18.1,11.9,0.0,2017,A,27,0,0,0.0,12,0,Dublin Airport
05/07/2017,27,18.1,11.9,0.0,2017,A,27,0,0,0.0,106,0,Dublin Airport
12/07/2017,28,19.5,6.5,0.0,2017,A,28,5,0,5.0,397,10,Dublin Airport
12/07/2017,28,19.5,6.5,0.0,2017,A,28,0,0,0.0,68,5,Dublin Airport
12/07/2017,28,19.5,6.5,0.0,2017,A,28,0,0,0.0,81,0,Dublin Airport
12/07/2017,28,19.5,6.5,0.0,2017,A,28,1,0,1.0,43,2,Dublin Airport
12/07/2017,28,19.5,6.5,0.0,2017,A,28,0,0,0.0,8,0,Dublin Airport
12/07/2017,28,19.5,6.5,0.0,2017,A,28,0,0,0.0,25,0,Dublin Airport
12/07/2017,28,19.5,6.5,0.0,2017,A,28,2,0,2.0,90,1,Dublin Airport
12/07/2017,28,19.5,6.5,0.0,2017,A,28,0,0,0.0,21,3,Dublin Airport
12/07/2017,28,19.5,6.5,0.0,2017,A,28,0,0,0.0,29,0,Dublin Airport
12/07/2017,28,19.5,6.5,0.0,2017,A,28,0,0,0.0,8,0,Dublin Airport
12/07/2017,28,19.5,6.5,0.0,2017,A,28,0,0,0.0,41,0,Dublin Airport
19/07/2017,29,19.5,9.3,9.7,2017,A,29,12,4,16.0,1100,53,Dublin Airport
19/07/2017,29,19.5,9.3,9.7,2017,A,29,2,3,5.0,318,28,Dublin Airport
19/07/2017,29,19.5,9.3,9.7,2017,A,29,0,0,0.0,55,1,Dublin Airport
19/07/2017,29,19.5,9.3,9.7,2017,A,29,2,0,2.0,45,0,Dublin Airport
19/07/2017,29,19.5,9.3,9.7,2017,A,29,2,0,2.0,42,4,Dublin Airport
19/07/2017,29,19.5,9.3,9.7,2017,A,29,0,0,0.0,11,1,Dublin Airport
19/07/2017,29,19.5,9.3,9.7,2017,A,29,0,0,0.0,83,1,Dublin Airport
19/07/2017,29,19.5,9.3,9.7,2017,A,29,0,0,0.0,37,4,Dublin Airport
19/07/2017,29,19.5,9.3,9.7,2017,A,29,1,0,1.0,88,0,Dublin Airport
19/07/2017,29,19.5,9.3,9.7,2017,A,29,0,0,0.0,50,0,Dublin Airport
19/07/2017,29,19.5,9.3,9.7,2017,A,29,2,1,3.0,154,1,Dublin Airport
26/07/2017,30,18.9,10.9,7.1,2017,A,30,12,4,16.0,587,30,Dublin Airport
26/07/2017,30,18.9,10.9,7.1,2017,A,30,3,3,6.0,112,12,Dublin Airport
26/07/2017,30,18.9,10.9,7.1,2017,A,30,0,0,0.0,10,0,Dublin Airport
26/07/2017,30,18.9,10.9,7.1,2017,A,30,0,0,0.0,27,1,Dublin Airport
26/07/2017,30,18.9,10.9,7.1,2017,A,30,0,0,0.0,25,2,Dublin Airport
26/07/2017,30,18.9,10.9,7.1,2017,A,30,1,0,1.0,30,0,Dublin Airport
26/07/2017,30,18.9,10.9,7.1,2017,A,30,0,0,0.0,49,0,Dublin Airport
26/07/2017,30,18.9,10.9,7.1,2017,A,30,0,0,0.0,23,3,Dublin Airport
26/07/2017,30,18.9,10.9,7.1,2017,A,30,2,1,3.0,59,0,Dublin Airport
26/07/2017,30,18.9,10.9,7.1,2017,A,30,0,1,1.0,58,0,Dublin Airport
26/07/2017,30,18.9,10.9,7.1,2017,A,30,2,0,2.0,105,2,Dublin Airport
02/08/2017,31,20.8,11.6,2.8,2017,A,31,6,4,10.0,455,34,Dublin Airport
02/08/2017,31,20.8,11.6,2.8,2017,A,31,8,7,15.0,272,19,Dublin Airport
02/08/2017,31,20.8,11.6,2.8,2017,A,31,0,0,0.0,22,1,Dublin Airport
02/08/2017,31,20.8,11.6,2.8,2017,A,31,0,2,2.0,149,9,Dublin Airport
02/08/2017,31,20.8,11.6,2.8,2017,A,31,0,0,0.0,5,0,Dublin Airport
02/08/2017,31,20.8,11.6,2.8,2017,A,31,0,0,0.0,9,0,Dublin Airport
02/08/2017,31,20.8,11.6,2.8,2017,A,31,2,0,2.0,55,1,Dublin Airport
02/08/2017,31,20.8,11.6,2.8,2017,A,31,4,0,4.0,78,7,Dublin Airport
02/08/2017,31,20.8,11.6,2.8,2017,A,31,6,1,7.0,53,1,Dublin Airport
02/08/2017,31,20.8,11.6,2.8,2017,A,31,1,0,1.0,28,2,Dublin Airport
02/08/2017,31,20.8,11.6,2.8,2017,A,31,2,2,4.0,135,4,Dublin Airport
09/08/2017,32,20.6,7.9,0.0,2017,A,32,11,2,13.0,1275,48,Dublin Airport
09/08/2017,32,20.6,7.9,0.0,2017,A,32,9,3,12.0,158,12,Dublin Airport
09/08/2017,32,20.6,7.9,0.0,2017,A,32,1,1,2.0,36,4,Dublin Airport
09/08/2017,32,20.6,7.9,0.0,2017,A,32,7,4,11.0,119,24,Dublin Airport
09/08/2017,32,20.6,7.9,0.0,2017,A,32,0,1,1.0,11,1,Dublin Airport
09/08/2017,32,20.6,7.9,0.0,2017,A,32,1,1,2.0,27,1,Dublin Airport
09/08/2017,32,20.6,7.9,0.0,2017,A,32,5,2,7.0,121,2,Dublin Airport
09/08/2017,32,20.6,7.9,0.0,2017,A,32,2,0,2.0,38,14,Dublin Airport
09/08/2017,32,20.6,7.9,0.0,2017,A,32,35,17,52.0,130,3,Dublin Airport
09/08/2017,32,20.6,7.9,0.0,2017,A,32,26,4,30.0,199,5,Dublin Airport
09/08/2017,32,20.6,7.9,0.0,2017,A,32,14,5,19.0,227,29,Dublin Airport
16/08/2017,33,20.6,9.1,1.1,2017,A,33,6,4,10.0,550,12,Dublin Airport
16/08/2017,33,20.6,9.1,1.1,2017,A,33,20,8,28.0,287,14,Dublin Airport
16/08/2017,33,20.6,9.1,1.1,2017,A,33,0,1,1.0,100,3,Dublin Airport
16/08/2017,33,20.6,9.1,1.1,2017,A,33,4,3,7.0,96,12,Dublin Airport
16/08/2017,33,20.6,9.1,1.1,2017,A,33,0,0,0.0,6,0,Dublin Airport
16/08/2017,33,20.6,9.1,1.1,2017,A,33,12,10,22.0,86,5,Dublin Airport
16/08/2017,33,20.6,9.1,1.1,2017,A,33,7,2,9.0,123,9,Dublin Airport
16/08/2017,33,20.6,9.1,1.1,2017,A,33,17,6,23.0,71,4,Dublin Airport
16/08/2017,33,20.6,9.1,1.1,2017,A,33,6,5,11.0,25,3,Dublin Airport
16/08/2017,33,20.6,9.1,1.1,2017,A,33,40,10,50.0,334,9,Dublin Airport
16/08/2017,33,20.6,9.1,1.1,2017,A,33,27,8,35.0,338,28,Dublin Airport
23/08/2017,34,19.8,11.3,0.1,2017,A,34,12,10,22.0,511,31,Dublin Airport
23/08/2017,34,19.8,11.3,0.1,2017,A,34,9,1,10.0,295,46,Dublin Airport
23/08/2017,34,19.8,11.3,0.1,2017,A,34,2,0,2.0,27,1,Dublin Airport
23/08/2017,34,19.8,11.3,0.1,2017,A,34,2,1,3.0,150,5,Dublin Airport
23/08/2017,34,19.8,11.3,0.1,2017,A,34,0,1,1.0,11,0,Dublin Airport
23/08/2017,34,19.8,11.3,0.1,2017,A,34,9,8,18.0,59,6,Dublin Airport
23/08/2017,34,19.8,11.3,0.1,2017,A,34,8,4,12.0,109,5,Dublin Airport
23/08/2017,34,19.8,11.3,0.1,2017,A,34,0,0,0.0,18,1,Dublin Airport
23/08/2017,34,19.8,11.3,0.1,2017,A,34,39,19,58.0,169,16,Dublin Airport
23/08/2017,34,19.8,11.3,0.1,2017,A,34,32,13,45.0,213,3,Dublin Airport
23/08/2017,34,19.8,11.3,0.1,2017,A,34,28,21,49.0,558,70,Dublin Airport
30/08/2017,35,17.4,9.6,0.0,2017,A,35,3,3,6.0,597,56,Dublin Airport
30/08/2017,35,17.4,9.6,0.0,2017,A,35,5,4,9.0,174,7,Dublin Airport
30/08/2017,35,17.4,9.6,0.0,2017,A,35,4,1,5.0,96,9,Dublin Airport
30/08/2017,35,17.4,9.6,0.0,2017,A,35,10,4,14.0,333,12,Dublin Airport
30/08/2017,35,17.4,9.6,0.0,2017,A,35,0,0,0.0,8,0,Dublin Airport
30/08/2017,35,17.4,9.6,0.0,2017,A,35,18,6,24.0,69,14,Dublin Airport
30/08/2017,35,17.4,9.6,0.0,2017,A,35,10,3,13.0,256,7,Dublin Airport
30/08/2017,35,17.4,9.6,0.0,2017,A,35,2,1,3.0,151,124,Dublin Airport
30/08/2017,35,17.4,9.6,0.0,2017,A,35,17,11,28.0,116,7,Dublin Airport
30/08/2017,35,17.4,9.6,0.0,2017,A,35,19,8,27.0,208,5,Dublin Airport
30/08/2017,35,17.4,9.6,0.0,2017,A,35,21,13,34.0,387,50,Dublin Airport
06/09/2017,36,17.2,10.7,0.0,2017,A,36,3,5,8.0,464,59,Dublin Airport
06/09/2017,36,17.2,10.7,0.0,2017,A,36,5,2,7.0,94,25,Dublin Airport
06/09/2017,36,17.2,10.7,0.0,2017,A,36,2,0,2.0,57,5,Dublin Airport
06/09/2017,36,17.2,10.7,0.0,2017,A,36,0,2,2.0,41,11,Dublin Airport
06/09/2017,36,17.2,10.7,0.0,2017,A,36,0,3,3.0,17,0,Dublin Airport
06/09/2017,36,17.2,10.7,0.0,2017,A,36,5,5,10.0,7,0,Dublin Airport
06/09/2017,36,17.2,10.7,0.0,2017,A,36,43,33,76.0,172,8,Dublin Airport
06/09/2017,36,17.2,10.7,0.0,2017,A,36,0,0,0.0,3,0,Dublin Airport
06/09/2017,36,17.2,10.7,0.0,2017,A,36,10,4,14.0,78,0,Dublin Airport
06/09/2017,36,17.2,10.7,0.0,2017,A,36,10,3,13.0,115,13,Dublin Airport
06/09/2017,36,17.2,10.7,0.0,2017,A,36,50,34,84.0,220,26,Dublin Airport
13/09/2017,37,14.3,6.5,0.1,2017,A,37,15,10,25.0,574,39,Dublin Airport
13/09/2017,37,14.3,6.5,0.1,2017,A,37,28,17,45.0,257,8,Dublin Airport
13/09/2017,37,14.3,6.5,0.1,2017,A,37,2,1,3.0,54,9,Dublin Airport
13/09/2017,37,14.3,6.5,0.1,2017,A,37,7,6,13.0,92,6,Dublin Airport
13/09/2017,37,14.3,6.5,0.1,2017,A,37,0,0,0.0,0,0,Dublin Airport
13/09/2017,37,14.3,6.5,0.1,2017,A,37,31,40,71.0,282,10,Dublin Airport
13/09/2017,37,14.3,6.5,0.1,2017,A,37,90,129,219.0,303,13,Dublin Airport
13/09/2017,37,14.3,6.5,0.1,2017,A,37,0,5,5.0,16,0,Dublin Airport
13/09/2017,37,14.3,6.5,0.1,2017,A,37,8,7,15.0,33,0,Dublin Airport
13/09/2017,37,14.3,6.5,0.1,2017,A,37,10,10,20.0,78,4,Dublin Airport
13/09/2017,37,14.3,6.5,0.1,2017,A,37,47,37,84.0,75,4,Dublin Airport
20/09/2017,38,18.0,11.2,9.6,2017,A,38,6,18,24.0,608,47,Dublin Airport
20/09/2017,38,18.0,11.2,9.6,2017,A,38,18,18,36.0,247,7,Dublin Airport
20/09/2017,38,18.0,11.2,9.6,2017,A,38,1,2,3.0,14,0,Dublin Airport
20/09/2017,38,18.0,11.2,9.6,2017,A,38,5,9,14.0,39,2,Dublin Airport
20/09/2017,38,18.0,11.2,9.6,2017,A,38,0,0,0.0,2,0,Dublin Airport
20/09/2017,38,18.0,11.2,9.6,2017,A,38,41,35,76.0,44,2,Dublin Airport
20/09/2017,38,18.0,11.2,9.6,2017,A,38,256,251,507.0,348,5,Dublin Airport
20/09/2017,38,18.0,11.2,9.6,2017,A,38,27,11,38.0,11,0,Dublin Airport
20/09/2017,38,18.0,11.2,9.6,2017,A,38,8,13,21.0,44,1,Dublin Airport
20/09/2017,38,18.0,11.2,9.6,2017,A,38,14,2,16.0,41,3,Dublin Airport
20/09/2017,38,18.0,11.2,9.6,2017,A,38,67,51,118.0,160,3,Dublin Airport
27/09/2017,39,14.3,11.8,18.1,2017,A,39,3,4,7.0,137,11,Dublin Airport
27/09/2017,39,14.3,11.8,18.1,2017,A,39,8,10,18.0,71,8,Dublin Airport
27/09/2017,39,14.3,11.8,18.1,2017,A,39,1,0,1.0,4,1,Dublin Airport
27/09/2017,39,14.3,11.8,18.1,2017,A,39,25,12,37.0,30,4,Dublin Airport
27/09/2017,39,14.3,11.8,18.1,2017,A,39,10,9,19.0,1,0,Dublin Airport
27/09/2017,39,14.3,11.8,18.1,2017,A,39,15,14,29.0,48,3,Dublin Airport
27/09/2017,39,14.3,11.8,18.1,2017,A,39,253,194,447.0,104,3,Dublin Airport
27/09/2017,39,14.3,11.8,18.1,2017,A,39,26,21,47.0,17,3,Dublin Airport
27/09/2017,39,14.3,11.8,18.1,2017,A,39,43,15,58.0,32,1,Dublin Airport
27/09/2017,39,14.3,11.8,18.1,2017,A,39,36,10,46.0,25,6,Dublin Airport
27/09/2017,39,14.3,11.8,18.1,2017,A,39,88,40,128.0,128,25,Dublin Airport
04/10/2017,40,14.8,9.6,4.3,2017,A,40,67,29,96.0,57,12,Dublin Airport
04/10/2017,40,14.8,9.6,4.3,2017,A,40,40,22,62.0,16,3,Dublin Airport
04/10/2017,40,14.8,9.6,4.3,2017,A,40,1,1,2.0,2,0,Dublin Airport
04/10/2017,40,14.8,9.6,4.3,2017,A,40,11,9,20.0,6,0,Dublin Airport
04/10/2017,40,14.8,9.6,4.3,2017,A,40,5,10,15.0,4,0,Dublin Airport
04/10/2017,40,14.8,9.6,4.3,2017,A,40,8,16,24.0,2,1,Dublin Airport
04/10/2017,40,14.8,9.6,4.3,2017,A,40,126,72,198.0,44,4,Dublin Airport
04/10/2017,40,14.8,9.6,4.3,2017,A,40,0,1,1.0,0,0,Dublin Airport
04/10/2017,40,14.8,9.6,4.3,2017,A,40,61,28,89.0,12,2,Dublin Airport
04/10/2017,40,14.8,9.6,4.3,2017,A,40,38,21,59.0,9,0,Dublin Airport
04/10/2017,40,14.8,9.6,4.3,2017,A,40,23,24,48.0,19,3,Dublin Airport
11/10/2017,41,15.7,8.4,3.2,2017,A,41,20,9,29.0,113,5,Dublin Airport
11/10/2017,41,15.7,8.4,3.2,2017,A,41,11,24,35.0,51,4,Dublin Airport
11/10/2017,41,15.7,8.4,3.2,2017,A,41,2,6,8.0,8,3,Dublin Airport
11/10/2017,41,15.7,8.4,3.2,2017,A,41,16,25,41.0,12,2,Dublin Airport
11/10/2017,41,15.7,8.4,3.2,2017,A,41,6,3,9.0,0,0,Dublin Airport
11/10/2017,41,15.7,8.4,3.2,2017,A,41,31,38,69.0,2,1,Dublin Airport
11/10/2017,41,15.7,8.4,3.2,2017,A,41,186,156,342.0,65,1,Dublin Airport
11/10/2017,41,15.7,8.4,3.2,2017,A,41,83,59,142.0,59,4,Dublin Airport
11/10/2017,41,15.7,8.4,3.2,2017,A,41,18,8,26.0,6,1,Dublin Airport
11/10/2017,41,15.7,8.4,3.2,2017,A,41,18,11,29.0,7,1,Dublin Airport
11/10/2017,41,15.7,8.4,3.2,2017,A,41,62,51,113.0,22,4,Dublin Airport
18/10/2017,42,13.3,1.3,0.1,2017,A,42,82,40,122.0,168,26,Dublin Airport
18/10/2017,42,13.3,1.3,0.1,2017,A,42,18,13,31.0,33,4,Dublin Airport
18/10/2017,42,13.3,1.3,0.1,2017,A,42,21,8,29.0,19,10,Dublin Airport
18/10/2017,42,13.3,1.3,0.1,2017,A,42,47,45,92.0,35,21,Dublin Airport
18/10/2017,42,13.3,1.3,0.1,2017,A,42,44,35,79.0,28,14,Dublin Airport
18/10/2017,42,13.3,1.3,0.1,2017,A,42,23,24,47.0,4,0,Dublin Airport
18/10/2017,42,13.3,1.3,0.1,2017,A,42,149,79,228.0,47,0,Dublin Airport
18/10/2017,42,13.3,1.3,0.1,2017,A,42,168,125,293.0,29,0,Dublin Airport
18/10/2017,42,13.3,1.3,0.1,2017,A,42,28,18,46.0,13,0,Dublin Airport
18/10/2017,42,13.3,1.3,0.1,2017,A,42,58,23,81.0,16,5,Dublin Airport
18/10/2017,42,13.3,1.3,0.1,2017,A,42,27,15,42.0,9,4,Dublin Airport
01/11/2017,44,14.1,9.0,0.0,2017,A,44,65,32,97.0,155,20,Dublin Airport
01/11/2017,44,14.1,9.0,0.0,2017,A,44,107,71,178.0,119,7,Dublin Airport
01/11/2017,44,14.1,9.0,0.0,2017,A,44,9,5,14.0,32,17,Dublin Airport
01/11/2017,44,14.1,9.0,0.0,2017,A,44,29,32,61.0,104,84,Dublin Airport
01/11/2017,44,14.1,9.0,0.0,2017,A,44,2,2,4.0,7,3,Dublin Airport
01/11/2017,44,14.1,9.0,0.0,2017,A,44,78,66,144.0,68,23,Dublin Airport
01/11/2017,44,14.1,9.0,0.0,2017,A,44,251,167,418.0,46,6,Dublin Airport
01/11/2017,44,14.1,9.0,0.0,2017,A,44,4,2,6.0,13,11,Dublin Airport
01/11/2017,44,14.1,9.0,0.0,2017,A,44,46,19,65.0,41,10,Dublin Airport
01/11/2017,44,14.1,9.0,0.0,2017,A,44,19,15,34.0,60,4,Dublin Airport
01/11/2017,44,14.1,9.0,0.0,2017,A,44,130,80,210.0,209,72,Dublin Airport
08/11/2017,45,11.2,1.5,1.6,2017,A,45,25,20,45.0,149,11,Dublin Airport
08/11/2017,45,11.2,1.5,1.6,2017,A,45,105,58,163.0,180,5,Dublin Airport
08/11/2017,45,11.2,1.5,1.6,2017,A,45,2,3,5.0,70,19,Dublin Airport
08/11/2017,45,11.2,1.5,1.6,2017,A,45,19,7,26.0,130,64,Dublin Airport
08/11/2017,45,11.2,1.5,1.6,2017,A,45,0,0,0.0,9,0,Dublin Airport
08/11/2017,45,11.2,1.5,1.6,2017,A,45,215,226,441.0,148,34,Dublin Airport
08/11/2017,45,11.2,1.5,1.6,2017,A,45,192,137,329.0,98,17,Dublin Airport
08/11/2017,45,11.2,1.5,1.6,2017,A,45,6,2,8.0,21,11,Dublin Airport
08/11/2017,45,11.2,1.5,1.6,2017,A,45,5,7,12.0,64,3,Dublin Airport
08/11/2017,45,11.2,1.5,1.6,2017,A,45,38,15,53.0,38,4,Dublin Airport
08/11/2017,45,11.2,1.5,1.6,2017,A,45,105,61,166.0,318,87,Dublin Airport
15/11/2017,46,10.8,3.8,0.0,2017,A,46,52,30,82.0,190,20,Dublin Airport
15/11/2017,46,10.8,3.8,0.0,2017,A,46,106,69,175.0,121,6,Dublin Airport
15/11/2017,46,10.8,3.8,0.0,2017,A,46,5,8,13.0,49,24,Dublin Airport
15/11/2017,46,10.8,3.8,0.0,2017,A,46,1,7,8.0,32,19,Dublin Airport
15/11/2017,46,10.8,3.8,0.0,2017,A,46,15,20,35.0,8,1,Dublin Airport
15/11/2017,46,10.8,3.8,0.0,2017,A,46,205,186,391.0,39,3,Dublin Airport
15/11/2017,46,10.8,3.8,0.0,2017,A,46,2,4,6.0,13,7,Dublin Airport
15/11/2017,46,10.8,3.8,0.0,2017,A,46,159,139,298.0,32,3,Dublin Airport
15/11/2017,46,10.8,3.8,0.0,2017,A,46,24,12,36.0,20,3,Dublin Airport
15/11/2017,46,10.8,3.8,0.0,2017,A,46,48,51,99.0,41,3,Dublin Airport
15/11/2017,46,10.8,3.8,0.0,2017,A,46,30,27,57.0,26,8,Dublin Airport
22/11/2017,47,11.3,3.0,52.0,2017,A,47,22,15,37.0,230,27,Dublin Airport
22/11/2017,47,11.3,3.0,52.0,2017,A,47,107,70,177.0,167,4,Dublin Airport
22/11/2017,47,11.3,3.0,52.0,2017,A,47,3,5,8.0,48,37,Dublin Airport
22/11/2017,47,11.3,3.0,52.0,2017,A,47,6,5,11.0,40,32,Dublin Airport
22/11/2017,47,11.3,3.0,52.0,2017,A,47,0,1,1.0,1,1,Dublin Airport
22/11/2017,47,11.3,3.0,52.0,2017,A,47,312,207,519.0,54,22,Dublin Airport
22/11/2017,47,11.3,3.0,52.0,2017,A,47,297,221,518.0,36,8,Dublin Airport
22/11/2017,47,11.3,3.0,52.0,2017,A,47,2,4,6.0,5,1,Dublin Airport
22/11/2017,47,11.3,3.0,52.0,2017,A,47,11,11,22.0,39,1,Dublin Airport
22/11/2017,47,11.3,3.0,52.0,2017,A,47,31,27,58.0,52,2,Dublin Airport
22/11/2017,47,11.3,3.0,52.0,2017,A,47,74,61,135.0,81,21,Dublin Airport
29/11/2017,48,4.6,-0.2,0.0,2017,A,48,5,7,12.0,32,6,Dublin Airport
29/11/2017,48,4.6,-0.2,0.0,2017,A,48,25,19,44.0,49,0,Dublin Airport
29/11/2017,48,4.6,-0.2,0.0,2017,A,48,1,2,3.0,9,5,Dublin Airport
29/11/2017,48,4.6,-0.2,0.0,2017,A,48,0,0,0.0,5,3,Dublin Airport
29/11/2017,48,4.6,-0.2,0.0,2017,A,48,1,0,1.0,1,0,Dublin Airport
29/11/2017,48,4.6,-0.2,0.0,2017,A,48,50,34,84.0,19,8,Dublin Airport
29/11/2017,48,4.6,-0.2,0.0,2017,A,48,68,51,119.0,2,1,Dublin Airport
29/11/2017,48,4.6,-0.2,0.0,2017,A,48,0,0,0.0,0,0,Dublin Airport
29/11/2017,48,4.6,-0.2,0.0,2017,A,48,0,1,1.0,2,0,Dublin Airport
29/11/2017,48,4.6,-0.2,0.0,2017,A,48,9,8,17.0,25,0,Dublin Airport
29/11/2017,48,4.6,-0.2,0.0,2017,A,48,1,4,5.0,6,4,Dublin Airport
06/12/2017,49,13.6,9.0,1.3,2017,A,49,9,1,10.0,38,0,Dublin Airport
06/12/2017,49,13.6,9.0,1.3,2017,A,49,44,27,71.0,40,0,Dublin Airport
06/12/2017,49,13.6,9.0,1.3,2017,A,49,3,2,5.0,1,1,Dublin Airport
06/12/2017,49,13.6,9.0,1.3,2017,A,49,2,0,2.0,2,1,Dublin Airport
06/12/2017,49,13.6,9.0,1.3,2017,A,49,0,0,0.0,0,0,Dublin Airport
06/12/2017,49,13.6,9.0,1.3,2017,A,49,90,99,189.0,4,2,Dublin Airport
06/12/2017,49,13.6,9.0,1.3,2017,A,49,25,24,49.0,9,0,Dublin Airport
06/12/2017,49,13.6,9.0,1.3,2017,A,49,33,18,51.0,20,13,Dublin Airport
06/12/2017,49,13.6,9.0,1.3,2017,A,49,4,1,5.0,6,0,Dublin Airport
06/12/2017,49,13.6,9.0,1.3,2017,A,49,2,3,5.0,2,0,Dublin Airport
06/12/2017,49,13.6,9.0,1.3,2017,A,49,35,28,63.0,11,0,Dublin Airport
19/06/2018,25,23.2,9.5,0.0,2018,A,25,0,0,0.0,0,0,Dublin Airport
19/06/2018,25,23.2,9.5,0.0,2018,A,25,1,2,3.0,87,1,Dublin Airport
19/06/2018,25,23.2,9.5,0.0,2018,A,25,0,0,0.0,10,0,Dublin Airport
19/06/2018,25,23.2,9.5,0.0,2018,A,25,0,0,0.0,85,7,Dublin Airport
19/06/2018,25,23.2,9.5,0.0,2018,A,25,0,0,0.0,0,0,Dublin Airport
19/06/2018,25,23.2,9.5,0.0,2018,A,25,0,0,0.0,22,0,Dublin Airport
19/06/2018,25,23.2,9.5,0.0,2018,A,25,0,0,0.0,0,0,Dublin Airport
19/06/2018,25,23.2,9.5,0.0,2018,A,25,0,0,0.0,0,0,Dublin Airport
19/06/2018,25,23.2,9.5,0.0,2018,A,25,0,1,1.0,152,5,Dublin Airport
19/06/2018,25,23.2,9.5,0.0,2018,A,25,2,0,2.0,165,0,Dublin Airport
19/06/2018,25,23.2,9.5,0.0,2018,A,25,0,0,0.0,92,0,Dublin Airport
09/07/2018,28,21.6,8.8,0.0,2018,A,28,8,6,14.0,1193,28,Dublin Airport
09/07/2018,28,21.6,8.8,0.0,2018,A,28,0,0,0.0,17,0,Dublin Airport
09/07/2018,28,21.6,8.8,0.0,2018,A,28,0,0,0.0,16,16,Dublin Airport
09/07/2018,28,21.6,8.8,0.0,2018,A,28,1,0,1.0,234,0,Dublin Airport
09/07/2018,28,21.6,8.8,0.0,2018,A,28,1,2,3.0,44,0,Dublin Airport
09/07/2018,28,21.6,8.8,0.0,2018,A,28,1,1,2.0,101,0,Dublin Airport
09/07/2018,28,21.6,8.8,0.0,2018,A,28,1,0,1.0,216,0,Dublin Airport
09/07/2018,28,21.6,8.8,0.0,2018,A,28,0,0,0.0,171,0,Dublin Airport
09/07/2018,28,21.6,8.8,0.0,2018,A,28,2,0,2.0,624,0,Dublin Airport
09/07/2018,28,21.6,8.8,0.0,2018,A,28,1,0,1.0,441,0,Dublin Airport
09/07/2018,28,21.6,8.8,0.0,2018,A,28,2,0,2.0,136,0,Dublin Airport
20/07/2018,29,19.5,12.3,11.0,2018,A,29,5,5,10.0,614,0,Dublin Airport
20/07/2018,29,19.5,12.3,11.0,2018,A,29,0,0,0.0,47,0,Dublin Airport
20/07/2018,29,19.5,12.3,11.0,2018,A,29,0,0,0.0,8,0,Dublin Airport
20/07/2018,29,19.5,12.3,11.0,2018,A,29,0,0,0.0,159,0,Dublin Airport
20/07/2018,29,19.5,12.3,11.0,2018,A,29,0,0,0.0,116,0,Dublin Airport
20/07/2018,29,19.5,12.3,11.0,2018,A,29,0,0,0.0,10,0,Dublin Airport
20/07/2018,29,19.5,12.3,11.0,2018,A,29,0,0,0.0,25,0,Dublin Airport
20/07/2018,29,19.5,12.3,11.0,2018,A,29,0,0,0.0,30,0,Dublin Airport
20/07/2018,29,19.5,12.3,11.0,2018,A,29,0,1,1.0,341,0,Dublin Airport
20/07/2018,29,19.5,12.3,11.0,2018,A,29,2,0,2.0,333,0,Dublin Airport
20/07/2018,29,19.5,12.3,11.0,2018,A,29,0,0,0.0,88,0,Dublin Airport
24/07/2018,30,21.8,10.6,0.0,2018,A,30,27,16,43.0,961,0,Dublin Airport
24/07/2018,30,21.8,10.6,0.0,2018,A,30,0,0,0.0,37,0,Dublin Airport
24/07/2018,30,21.8,10.6,0.0,2018,A,30,1,0,1.0,26,0,Dublin Airport
24/07/2018,30,21.8,10.6,0.0,2018,A,30,11,0,11.0,277,0,Dublin Airport
24/07/2018,30,21.8,10.6,0.0,2018,A,30,0,1,1.0,67,0,Dublin Airport
24/07/2018,30,21.8,10.6,0.0,2018,A,30,1,0,1.0,62,0,Dublin Airport
24/07/2018,30,21.8,10.6,0.0,2018,A,30,1,6,7.0,573,0,Dublin Airport
24/07/2018,30,21.8,10.6,0.0,2018,A,30,2,1,3.0,45,0,Dublin Airport
24/07/2018,30,21.8,10.6,0.0,2018,A,30,2,0,2.0,159,0,Dublin Airport
24/07/2018,30,21.8,10.6,0.0,2018,A,30,1,1,2.0,189,0,Dublin Airport
24/07/2018,30,21.8,10.6,0.0,2018,A,30,1,3,4.0,215,0,Dublin Airport
02/08/2018,31,24.5,17.0,0.2,2018,A,31,13,10,23.0,66,,Dublin Airport
02/08/2018,31,24.5,17.0,0.2,2018,A,31,2,2,4.0,42,,Dublin Airport
02/08/2018,31,24.5,17.0,0.2,2018,A,31,3,0,3.0,80,,Dublin Airport
02/08/2018,31,24.5,17.0,0.2,2018,A,31,0,3,3.0,13,,Dublin Airport
02/08/2018,31,24.5,17.0,0.2,2018,A,31,0,0,0.0,72,,Dublin Airport
02/08/2018,31,24.5,17.0,0.2,2018,A,31,16,12,28.0,,,Dublin Airport
02/08/2018,31,24.5,17.0,0.2,2018,A,31,2,2,4.0,,,Dublin Airport
02/08/2018,31,24.5,17.0,0.2,2018,A,31,1,0,1.0,,,Dublin Airport
02/08/2018,31,24.5,17.0,0.2,2018,A,31,5,2,7.0,,,Dublin Airport
02/08/2018,31,24.5,17.0,0.2,2018,A,31,0,5,5.0,42,,Dublin Airport
13/08/2018,33,19.2,13.1,0.2,2018,A,32,,,,,,Dublin Airport
13/08/2018,33,19.2,13.1,0.2,2018,A,32,10,7,17.0,152,,Dublin Airport
13/08/2018,33,19.2,13.1,0.2,2018,A,32,26,12,38.0,267,,Dublin Airport
13/08/2018,33,19.2,13.1,0.2,2018,A,32,37,24,61.0,127,,Dublin Airport
13/08/2018,33,19.2,13.1,0.2,2018,A,32,31,12,43.0,737,,Dublin Airport
13/08/2018,33,19.2,13.1,0.2,2018,A,32,54,17,71.0,634,,Dublin Airport
13/08/2018,33,19.2,13.1,0.2,2018,A,32,7,8,15.0,47,,Dublin Airport
13/08/2018,33,19.2,13.1,0.2,2018,A,32,2,1,3.0,42,,Dublin Airport
13/08/2018,33,19.2,13.1,0.2,2018,A,32,,,,,,Dublin Airport
13/08/2018,33,19.2,13.1,0.2,2018,A,32,3,7,10.0,371,,Dublin Airport
13/08/2018,33,19.2,13.1,0.2,2018,A,32,12,11,23.0,317,,Dublin Airport
16/08/2018,33,19.0,10.7,1.4,2018,A,33,43,10,53.0,124,8,Dublin Airport
16/08/2018,33,19.0,10.7,1.4,2018,A,33,181,92,273.0,,,Dublin Airport
16/08/2018,33,19.0,10.7,1.4,2018,A,33,64,34,98.0,,,Dublin Airport
16/08/2018,33,19.0,10.7,1.4,2018,A,33,47,25,72.0,,5,Dublin Airport
16/08/2018,33,19.0,10.7,1.4,2018,A,33,26,6,32.0,,9,Dublin Airport
16/08/2018,33,19.0,10.7,1.4,2018,A,33,113,66,179.0,610,0,Dublin Airport
16/08/2018,33,19.0,10.7,1.4,2018,A,33,1,1,2.0,24,0,Dublin Airport
16/08/2018,33,19.0,10.7,1.4,2018,A,33,1,0,1.0,20,0,Dublin Airport
16/08/2018,33,19.0,10.7,1.4,2018,A,33,6,1,7.0,60,0,Dublin Airport
16/08/2018,33,19.0,10.7,1.4,2018,A,33,11,23,34.0,,12,Dublin Airport
16/08/2018,33,19.0,10.7,1.4,2018,A,33,5,7,12.0,59,11,Dublin Airport
23/08/2018,34,17.0,9.2,4.2,2018,A,34,60,24,84.0,,21,Dublin Airport
23/08/2018,34,17.0,9.2,4.2,2018,A,34,33,13,46.0,,7,Dublin Airport
23/08/2018,34,17.0,9.2,4.2,2018,A,34,247,127,374.0,,5,Dublin Airport
23/08/2018,34,17.0,9.2,4.2,2018,A,34,0,0,0.0,35,1,Dublin Airport
23/08/2018,34,17.0,9.2,4.2,2018,A,34,98,45,143.0,,2,Dublin Airport
23/08/2018,34,17.0,9.2,4.2,2018,A,34,168,75,243.0,,2,Dublin Airport
23/08/2018,34,17.0,9.2,4.2,2018,A,34,0,0,0.0,13,1,Dublin Airport
23/08/2018,34,17.0,9.2,4.2,2018,A,34,0,1,1.0,30,1,Dublin Airport
23/08/2018,34,17.0,9.2,4.2,2018,A,34,53,38,91.0,,16,Dublin Airport
23/08/2018,34,17.0,9.2,4.2,2018,A,34,17,24,41.0,,2,Dublin Airport
23/08/2018,34,17.0,9.2,4.2,2018,A,34,7,8,15.0,,1,Dublin Airport
07/09/2018,36,15.6,5.4,0.0,2018,A,36,48,18,66.0,,13.5,Dublin Airport
07/09/2018,36,15.6,5.4,0.0,2018,A,36,1.5,3,4.5,2.5,1.5,Dublin Airport
07/09/2018,36,15.6,5.4,0.0,2018,A,36,0,1,1.0,10,2.5,Dublin Airport
21/09/2018,38,14.1,6.1,1.0,2018,A,38,565,244.5,809.5,,12,Dublin Airport
21/09/2018,38,14.1,6.1,1.0,2018,A,38,112.5,52.5,165.0,,0.5,Dublin Airport
21/09/2018,38,14.1,6.1,1.0,2018,A,38,79.5,42.5,122.0,,9.5,Dublin Airport
21/09/2018,38,14.1,6.1,1.0,2018,A,38,26.5,19,45.5,257,4.5,Dublin Airport
21/09/2018,38,14.1,6.1,1.0,2018,A,38,107.5,73,180.5,,2.5,Dublin Airport
21/09/2018,38,14.1,6.1,1.0,2018,A,38,1.5,1.5,3.0,4,0,Dublin Airport
21/09/2018,38,14.1,6.1,1.0,2018,A,38,0,0,0.0,6,1,Dublin Airport
02/10/2018,40,16.2,11.6,0.6,2018,A,40,159,50,209.0,18,1,Dublin Airport
02/10/2018,40,16.2,11.6,0.6,2018,A,40,5,1,6.0,3,1,Dublin Airport
02/10/2018,40,16.2,11.6,0.6,2018,A,40,8,1.5,9.5,12,9.5,Dublin Airport
02/10/2018,40,16.2,11.6,0.6,2018,A,40,461,189.5,650.5,,9,Dublin Airport
02/10/2018,40,16.2,11.6,0.6,2018,A,40,458,162.5,620.5,,3.5,Dublin Airport
02/10/2018,40,16.2,11.6,0.6,2018,A,40,23,9.5,32.5,34,1.5,Dublin Airport
09/10/2018,41,17.5,13.4,0.0,2018,A,41,166,115,281.0,169,33,Dublin Airport
09/10/2018,41,17.5,13.4,0.0,2018,A,41,492,184,676.0,98,32,Dublin Airport
09/10/2018,41,17.5,13.4,0.0,2018,A,41,76,51,127.0,22,0,Dublin Airport
09/10/2018,41,17.5,13.4,0.0,2018,A,41,92,53,145.0,19,2,Dublin Airport
09/10/2018,41,17.5,13.4,0.0,2018,A,41,0,0,0.0,9,3,Dublin Airport
09/10/2018,41,17.5,13.4,0.0,2018,A,41,0,1,1.0,3,19,Dublin Airport
09/10/2018,41,17.5,13.4,0.0,2018,A,41,781,364,1145.0,27,12,Dublin Airport
09/10/2018,41,17.5,13.4,0.0,2018,A,41,1688,608,2296.0,,,Dublin Airport
09/10/2018,41,17.5,13.4,0.0,2018,A,41,10,7,17.0,13,0,Dublin Airport
09/10/2018,41,17.5,13.4,0.0,2018,A,41,221,118,339.0,114,51,Dublin Airport
09/10/2018,41,17.5,13.4,0.0,2018,A,41,291,177,468.0,,10,Dublin Airport
18/10/2018,42,13.3,-0.1,0.0,2018,A,42,188,133,321.0,147,15,Dublin Airport
18/10/2018,42,13.3,-0.1,0.0,2018,A,42,434,302,736.0,70,17,Dublin Airport
18/10/2018,42,13.3,-0.1,0.0,2018,A,42,94,97,191.0,15,1,Dublin Airport
18/10/2018,42,13.3,-0.1,0.0,2018,A,42,339,237,576.0,215,7,Dublin Airport
18/10/2018,42,13.3,-0.1,0.0,2018,A,42,325,281,606.0,59,9,Dublin Airport
18/10/2018,42,13.3,-0.1,0.0,2018,A,42,270,192,462.0,19,0,Dublin Airport
18/10/2018,42,13.3,-0.1,0.0,2018,A,42,1,0,1.0,0,0,Dublin Airport
18/10/2018,42,13.3,-0.1,0.0,2018,A,42,4,4,8.0,8,5,Dublin Airport
18/10/2018,42,13.3,-0.1,0.0,2018,A,42,530,221,751.0,71,9,Dublin Airport
18/10/2018,42,13.3,-0.1,0.0,2018,A,42,785,311,1096.0,55,8,Dublin Airport
18/10/2018,42,13.3,-0.1,0.0,2018,A,42,31,26,57.0,10,0,Dublin Airport
28/10/2018,44,9.8,-2.9,0.0,2018,A,44,15.5,20,35.5,32,0.5,Dublin Airport
28/10/2018,44,9.8,-2.9,0.0,2018,A,44,340,181.5,521.5,21,6,Dublin Airport
28/10/2018,44,9.8,-2.9,0.0,2018,A,44,32.5,33.5,66.0,12.5,1.5,Dublin Airport
28/10/2018,44,9.8,-2.9,0.0,2018,A,44,198.5,145,343.5,154.5,12,Dublin Airport
28/10/2018,44,9.8,-2.9,0.0,2018,A,44,64.5,55,119.5,56.5,7.5,Dublin Airport
28/10/2018,44,9.8,-2.9,0.0,2018,A,44,64,46.5,110.5,32,17,Dublin Airport
28/10/2018,44,9.8,-2.9,0.0,2018,A,44,1,0,1.0,1,0.5,Dublin Airport
28/10/2018,44,9.8,-2.9,0.0,2018,A,44,0,0,0.0,0,0,Dublin Airport
28/10/2018,44,9.8,-2.9,0.0,2018,A,44,172.5,116.5,289.0,17.5,2.5,Dublin Airport
28/10/2018,44,9.8,-2.9,0.0,2018,A,44,202.5,174,376.5,35,3.5,Dublin Airport
28/10/2018,44,9.8,-2.9,0.0,2018,A,44,38.5,28,66.5,25.5,1.5,Dublin Airport
15/11/2018,46,14.6,5.5,0.3,2018,A,46,115,58,173.0,122,1.5,Dublin Airport
15/11/2018,46,14.6,5.5,0.3,2018,A,46,1048,416.5,1464.5,29,4,Dublin Airport
15/11/2018,46,14.6,5.5,0.3,2018,A,46,279,114.5,393.5,58.5,0,Dublin Airport
15/11/2018,46,14.6,5.5,0.3,2018,A,46,877,457.5,1334.5,167.5,1.5,Dublin Airport
15/11/2018,46,14.6,5.5,0.3,2018,A,46,483,244.5,727.5,53.5,3.5,Dublin Airport
15/11/2018,46,14.6,5.5,0.3,2018,A,46,454,231,685.0,27,0.5,Dublin Airport
15/11/2018,46,14.6,5.5,0.3,2018,A,46,3,4.5,7.5,0.5,0.5,Dublin Airport
15/11/2018,46,14.6,5.5,0.3,2018,A,46,4,1,5.0,2.5,2.5,Dublin Airport
15/11/2018,46,14.6,5.5,0.3,2018,A,46,469,215.5,684.5,55.5,4.5,Dublin Airport
15/11/2018,46,14.6,5.5,0.3,2018,A,46,429,166,595.0,43.5,1,Dublin Airport
15/11/2018,46,14.6,5.5,0.3,2018,A,46,45,26.5,71.5,45.5,0.5,Dublin Airport
06/12/2018,49,13.2,9.8,1.9,2018,A,49,91,71,162.0,380,2,Dublin Airport
06/12/2018,49,13.2,9.8,1.9,2018,A,49,171,220,391.0,45,0,Dublin Airport
06/12/2018,49,13.2,9.8,1.9,2018,A,49,251,215,466.0,20,0,Dublin Airport
06/12/2018,49,13.2,9.8,1.9,2018,A,49,363,341,704.0,46,0,Dublin Airport
06/12/2018,49,13.2,9.8,1.9,2018,A,49,22,23,45.0,28,0,Dublin Airport
