Year,FarmID,Date,Week,Male_SWD,Female_SWD,Total_SWD,Drosophilids,Similar
2015,A,02/06/2015,23,0,0,0,1,0
2015,A,02/06/2015,23,0,0,0,5,0
2015,A,02/06/2015,23,0,0,0,0,0
2015,A,02/06/2015,23,0,0,0,1,0
2015,A,02/06/2015,23,0,0,0,5,0
2015,A,02/06/2015,23,0,0,0,2,0
2015,A,02/06/2015,23,0,0,0,0,0
2015,A,02/06/2015,23,0,0,0,1,0
2015,A,02/06/2015,23,0,0,0,6,0
2015,A,02/06/2015,23,0,0,0,0,0
2015,C,05/06/2015,23,0,0,0,0,0
2015,C,05/06/2015,23,0,0,0,1,1
2015,C,05/06/2015,23,0,0,0,0,0
2015,C,05/06/2015,23,0,0,0,1,0
2015,C,05/06/2015,23,0,0,0,4,0
2015,C,05/06/2015,23,0,0,0,0,0
2015,Z,05/06/2015,23,0,0,0,10,0
2015,Z,05/06/2015,23,0,0,0,2,0
2015,Z,05/06/2015,23,0,0,0,2,0
2015,A,09/06/2015,24,0,0,0,23,0
2015,A,09/06/2015,24,0,0,0,33,1
2015,A,09/06/2015,24,0,0,0,4,0
2015,A,09/06/2015,24,0,0,0,6,0
2015,A,09/06/2015,24,0,0,0,16,0
2015,A,09/06/2015,24,0,0,0,11,0
2015,A,09/06/2015,24,0,0,0,14,2
2015,A,09/06/2015,24,0,0,0,12,0
2015,A,09/06/2015,24,0,0,0,2,0
2015,A,09/06/2015,24,0,0,0,7,0
2015,B,09/06/2015,24,0,0,0,43,0
2015,B,09/06/2015,24,0,0,0,21,0
2015,B,09/06/2015,24,0,0,0,21,1
2015,B,09/06/2015,24,0,0,0,102,0
2015,B,09/06/2015,24,0,0,0,6,0
2015,B,09/06/2015,24,0,0,0,24,0
2015,B,09/06/2015,24,0,0,0,5,0
2015,B,09/06/2015,24,0,0,0,8,0
2015,D,09/06/2015,24,0,0,0,0,0
2015,D,09/06/2015,24,0,0,0,2,0
2015,D,09/06/2015,24,0,0,0,4,0
2015,D,09/06/2015,24,0,0,0,1,0
2015,D,09/06/2015,24,0,0,0,0,0
2015,D,09/06/2015,24,0,0,0,7,0
2015,Z,12/06/2015,24,0,0,0,6,0
2015,Z,12/06/2015,24,0,0,0,8,0
2015,Z,12/06/2015,24,0,0,0,2,0
2015,A,16/06/2015,25,0,0,0,47,0
2015,A,16/06/2015,25,0,2,2,17,2
2015,A,16/06/2015,25,0,0,0,7,0
2015,A,16/06/2015,25,0,0,0,27,0
2015,A,16/06/2015,25,0,0,0,10,1
2015,A,16/06/2015,25,0,0,0,16,0
2015,A,16/06/2015,25,0,0,0,11,0
2015,A,16/06/2015,25,0,0,0,6,0
2015,A,16/06/2015,25,0,0,0,7,0
2015,A,16/06/2015,25,0,0,0,4,0
2015,B,16/06/2015,25,0,0,0,85,3
2015,B,16/06/2015,25,0,0,0,15,1
2015,B,16/06/2015,25,0,0,0,36,1
2015,B,16/06/2015,25,0,0,0,23,0
2015,B,16/06/2015,25,0,0,0,9,0
2015,B,16/06/2015,25,0,0,0,25,0
2015,B,16/06/2015,25,0,0,0,18,0
2015,B,16/06/2015,25,0,0,0,48,0
2015,C,15/06/2015,25,0,0,0,14,1
2015,C,15/06/2015,25,0,0,0,46,3
2015,C,15/06/2015,25,0,0,0,16,2
2015,C,15/06/2015,25,0,1,1,40,1
2015,C,15/06/2015,25,0,0,0,27,2
2015,C,15/06/2015,25,0,0,0,21,0
2015,D,16/06/2015,25,0,0,0,41,2
2015,D,16/06/2015,25,0,0,0,18,1
2015,D,16/06/2015,25,0,0,0,15,0
2015,D,16/06/2015,25,0,0,0,10,0
2015,D,16/06/2015,25,0,0,0,9,3
2015,D,16/06/2015,25,0,0,0,58,5
2015,Z,19/06/2015,25,0,0,0,3,0
2015,Z,19/06/2015,25,0,0,0,2,0
2015,Z,19/06/2015,25,0,0,0,1,0
2015,A,24/06/2015,26,0,0,0,56,1
2015,A,24/06/2015,26,0,0,0,49,1
2015,A,24/06/2015,26,0,0,0,6,0
2015,A,24/06/2015,26,0,0,0,10,0
2015,A,24/06/2015,26,0,0,0,11,0
2015,A,24/06/2015,26,0,0,0,55,0
2015,A,24/06/2015,26,0,0,0,8,0
2015,A,24/06/2015,26,0,0,0,1,0
2015,A,24/06/2015,26,0,0,0,15,0
2015,A,24/06/2015,26,0,0,0,11,0
2015,B,22/06/2015,26,0,0,0,116,0
2015,B,22/06/2015,26,0,0,0,13,0
2015,B,22/06/2015,26,0,0,0,51,0
2015,B,22/06/2015,26,0,0,0,7,0
2015,B,22/06/2015,26,0,0,0,13,0
2015,B,22/06/2015,26,0,0,0,2,0
2015,B,22/06/2015,26,0,0,0,36,0
2015,B,22/06/2015,26,0,0,0,8,0
2015,D,23/06/2015,26,0,0,0,31,5
2015,D,23/06/2015,26,0,0,0,27,1
2015,D,23/06/2015,26,0,0,0,23,0
2015,D,23/06/2015,26,0,0,0,13,0
2015,D,23/06/2015,26,0,0,0,5,1
2015,D,23/06/2015,26,0,1,1,40,3
2015,Z,26/06/2015,26,0,0,0,-,-
2015,Z,26/06/2015,26,0,0,0,30,1
2015,Z,26/06/2015,26,0,0,0,10,0
2015,D,30/06/2015,27,0,0,0,8,1
2015,D,30/06/2015,27,0,0,0,13,1
2015,D,30/06/2015,27,0,0,0,3,0
2015,D,30/06/2015,27,0,0,0,7,0
2015,D,30/06/2015,27,0,1,1,5,1
2015,D,30/06/2015,27,0,0,0,34,0
2015,Z,02/07/2015,27,0,0,0,-,-
2015,Z,02/07/2015,27,0,0,0,24,0
2015,Z,02/07/2015,27,0,0,0,6,0
2015,A,08/07/2015,28,0,0,0,322,2
2015,A,08/07/2015,28,1,1,2,194,2
2015,A,08/07/2015,28,0,1,1,88,2
2015,A,08/07/2015,28,1,0,1,42,0
2015,A,08/07/2015,28,0,0,0,33,1
2015,A,08/07/2015,28,1,0,1,74,0
2015,A,08/07/2015,28,0,0,0,80,0
2015,A,08/07/2015,28,0,0,0,93,1
2015,A,08/07/2015,28,1,0,1,36,0
2015,A,08/07/2015,28,0,0,0,12,2
2015,B,08/07/2015,28,0,0,0,180,2
2015,B,08/07/2015,28,0,0,0,29,1
2015,B,08/07/2015,28,0,0,0,18,1
2015,B,08/07/2015,28,0,0,0,81,10
2015,B,08/07/2015,28,0,0,0,47,1
2015,B,08/07/2015,28,0,0,0,71,1
2015,B,08/07/2015,28,0,0,0,114,1
2015,B,08/07/2015,28,0,0,0,181,2
2015,C,10/07/2015,28,0,0,0,11,0
2015,C,10/07/2015,28,0,0,0,63,2
2015,C,10/07/2015,28,0,0,0,4,0
2015,C,10/07/2015,28,0,0,0,3,0
2015,C,10/07/2015,28,0,0,0,2,1
2015,C,10/07/2015,28,0,0,0,4,0
2015,D,07/07/2015,28,0,0,0,3,0
2015,D,07/07/2015,28,0,0,0,7,0
2015,D,07/07/2015,28,0,0,0,6,0
2015,D,07/07/2015,28,0,0,0,6,0
2015,D,07/07/2015,28,0,0,0,5,3
2015,D,07/07/2015,28,0,0,0,2,0
2015,Z,10/07/2015,28,0,0,0,-,-
2015,Z,10/07/2015,28,0,0,0,15,0
2015,Z,10/07/2015,28,0,0,0,9,2
2015,A,15/07/2015,29,0,0,0,143,1
2015,A,15/07/2015,29,1,1,2,176,1
2015,A,15/07/2015,29,0,1,1,52,2
2015,A,15/07/2015,29,1,0,1,71,1
2015,A,15/07/2015,29,0,0,0,33,0
2015,A,15/07/2015,29,1,0,1,111,5
2015,A,15/07/2015,29,0,0,0,110,6
2015,A,15/07/2015,29,0,0,0,90,0
2015,A,15/07/2015,29,1,0,1,37,1
2015,A,15/07/2015,29,0,0,0,49,3
2015,D,14/07/2015,29,0,0,0,6,0
2015,D,14/07/2015,29,0,0,0,3,0
2015,D,14/07/2015,29,0,0,0,4,1
2015,D,14/07/2015,29,0,0,0,2,0
2015,D,14/07/2015,29,0,0,0,1,0
2015,D,14/07/2015,29,0,0,0,0,0
2015,Z,17/07/2015,29,0,0,0,-,-
2015,Z,17/07/2015,29,0,0,0,25,3
2015,Z,17/07/2015,29,0,0,0,9,3
2015,A,21/07/2015,30,0,0,0,3,0
2015,A,21/07/2015,30,0,0,0,0,0
2015,A,21/07/2015,30,0,0,0,27,2
2015,A,21/07/2015,30,0,0,0,7,0
2015,A,21/07/2015,30,0,0,0,27,1
2015,A,21/07/2015,30,0,0,0,60,3
2015,A,21/07/2015,30,0,0,0,1,0
2015,A,21/07/2015,30,0,0,0,0,0
2015,A,21/07/2015,30,1,0,1,22,0
2015,A,21/07/2015,30,0,0,0,49,3
2015,B,22/07/2015,30,0,0,0,1,1
2015,B,22/07/2015,30,0,0,0,3,1
2015,B,22/07/2015,30,0,0,0,3,2
2015,B,22/07/2015,30,0,0,0,17,13
2015,B,22/07/2015,30,0,0,0,2,1
2015,B,22/07/2015,30,0,0,0,10,0
2015,B,22/07/2015,30,0,0,0,11,2
2015,B,22/07/2015,30,0,0,0,3,3
2015,C,24/07/2015,30,0,0,0,77,1
2015,C,24/07/2015,30,0,0,0,130,0
2015,C,24/07/2015,30,0,0,0,3,0
2015,C,24/07/2015,30,0,0,0,9,3
2015,C,24/07/2015,30,0,0,0,2,0
2015,C,24/07/2015,30,0,0,0,0,0
2015,D,21/07/2015,30,0,0,0,5,0
2015,D,21/07/2015,30,0,0,0,1,0
2015,D,21/07/2015,30,0,0,0,1,0
2015,D,21/07/2015,30,0,0,0,1,0
2015,D,21/07/2015,30,0,0,0,0,0
2015,D,21/07/2015,30,0,0,0,0,0
2015,Z,24/07/2015,30,0,0,0,-,-
2015,Z,24/07/2015,30,0,0,0,4,0
2015,Z,24/07/2015,30,0,0,0,3,0
2015,A,29/07/2015,31,0,0,0,84,0
2015,A,29/07/2015,31,0,0,0,50,3
2015,A,29/07/2015,31,0,1,1,26,1
2015,A,29/07/2015,31,0,0,0,59,2
2015,A,29/07/2015,31,0,0,0,25,2
2015,A,29/07/2015,31,1,2,3,110,5
2015,A,29/07/2015,31,1,1,2,132,4
2015,A,29/07/2015,31,0,0,0,90,4
2015,A,29/07/2015,31,1,1,2,30,0
2015,A,29/07/2015,31,0,0,0,15,3
2015,D,28/07/2015,31,0,0,0,6,0
2015,D,28/07/2015,31,0,0,0,1,0
2015,D,28/07/2015,31,0,0,0,0,0
2015,D,28/07/2015,31,0,0,0,1,0
2015,D,28/07/2015,31,0,1,1,4,2
2015,D,28/07/2015,31,0,0,0,3,1
2015,Z,31/07/2015,31,0,0,0, ,0
2015,Z,31/07/2015,31,0,0,0, ,0
2015,Z,31/07/2015,31,0,0,0, ,0
2015,A,04/08/2015,32,0,0,0,128,6
2015,A,04/08/2015,32,0,0,0,104,2
2015,A,04/08/2015,32,0,0,0,64,4
2015,A,04/08/2015,32,0,0,0,187,5
2015,A,04/08/2015,32,0,0,0,78,8
2015,A,04/08/2015,32,1,1,2,153,13
2015,A,04/08/2015,32,0,1,1,317,3
2015,A,04/08/2015,32,1,0,1,91,2
2015,A,04/08/2015,32,2,0,2,81,2
2015,A,04/08/2015,32,1,0,1,86,3
2015,C,04/08/2015,32,0,0,0,157,5
2015,C,04/08/2015,32,0,0,0,199,41
2015,C,04/08/2015,32,0,0,0,11,2
2015,C,04/08/2015,32,0,0,0,50,8
2015,C,04/08/2015,32,0,0,0,12,1
2015,C,04/08/2015,32,0,0,0,5,0
2015,Z,06/08/2015,32,0,0,0,,
2015,Z,06/08/2015,32,0,0,0,12,3
2015,Z,06/08/2015,32,0,0,0,16,3
2015,A,11/08/2015,33,0,0,0,3,0
2015,A,11/08/2015,33,0,0,0,6,1
2015,A,11/08/2015,33,0,0,0,1,0
2015,A,11/08/2015,33,0,0,0,2,1
2015,A,11/08/2015,33,0,0,0,0,0
2015,A,11/08/2015,33,0,0,0,6,1
2015,A,11/08/2015,33,0,0,0,0,0
2015,A,11/08/2015,33,0,0,0,7,1
2015,A,11/08/2015,33,0,0,0,5,0
2015,A,11/08/2015,33,0,0,0,6,0
2015,B,10/08/2015,33,0,0,0,31,2
2015,B,10/08/2015,33,0,0,0,6,6
2015,B,10/08/2015,33,0,0,0,16,15
2015,B,10/08/2015,33,0,0,0,14,13
2015,B,10/08/2015,33,0,0,0,4,1
2015,B,10/08/2015,33,0,0,0,1,0
2015,B,10/08/2015,33,0,0,0,13,2
2015,B,10/08/2015,33,0,0,0,1,0
2015,C,11/08/2015,33,0,0,0,47,0
2015,C,11/08/2015,33,0,0,0,58,2
2015,C,11/08/2015,33,0,0,0,9,2
2015,C,11/08/2015,33,0,0,0,28,0
2015,C,11/08/2015,33,0,0,0,6,1
2015,C,11/08/2015,33,0,0,0,5,0
2015,D,10/08/2015,33,0,0,0,60,0
2015,D,10/08/2015,33,0,0,0,38,0
2015,D,10/08/2015,33,0,0,0,3,0
2015,D,10/08/2015,33,0,0,0,11,2
2015,D,10/08/2015,33,0,0,0,6,1
2015,D,10/08/2015,33,0,0,0,3,1
2015,Z,14/08/2015,33,0,0,0,,
2015,Z,14/08/2015,33,0,0,0,53,10
2015,Z,14/08/2015,33,0,0,0,34,15
2015,B,22/08/2015,34,0,0,0,7,6
2015,B,22/08/2015,34,0,0,0,0,0
2015,B,22/08/2015,34,0,0,0,5,2
2015,B,22/08/2015,34,0,0,0,0,0
2015,B,22/08/2015,34,0,0,0,5,0
2015,B,22/08/2015,34,0,0,0,6,0
2015,B,22/08/2015,34,0,0,0,13,1
2015,B,22/08/2015,34,0,0,0,2,0
2015,D,17/08/2015,34,0,0,0,0,0
2015,D,17/08/2015,34,0,0,0,0,0
2015,D,17/08/2015,34,0,0,0,0,0
2015,D,17/08/2015,34,0,0,0,5,0
2015,D,17/08/2015,34,0,0,0,0,0
2015,Z,21/08/2015,34,0,0,0,,
2015,Z,21/08/2015,34,0,0,0,66,9
2015,Z,21/08/2015,34,0,0,0,57,20
2015,C,25/08/2015,35,0,0,0,3,3
2015,C,25/08/2015,35,0,0,0,3,3
2015,C,25/08/2015,35,0,0,0,3,0
2015,C,25/08/2015,35,0,0,0,0,0
2015,C,25/08/2015,35,0,0,0,0,0
2015,C,25/08/2015,35,0,0,0,3,0
2015,D,24/08/2015,35,0,0,0,5,0
2015,D,24/08/2015,35,0,0,0,0,0
2015,D,24/08/2015,35,0,0,0,0,0
2015,D,24/08/2015,35,0,0,0,0,0
2015,D,24/08/2015,35,0,0,0,2,2
2015,D,24/08/2015,35,0,0,0,0,0
2015,Z,28/08/2015,35,0,0,0,,
2015,Z,28/08/2015,35,0,0,0,9,2
2015,Z,28/08/2015,35,0,0,0,6,0
2015,B,02/09/2015,36,0,0,0,8,6
2015,B,02/09/2015,36,0,0,0,4,1
2015,B,02/09/2015,36,0,0,0,2,1
2015,B,02/09/2015,36,0,0,0,8,4
2015,B,02/09/2015,36,0,0,0,2,0
2015,B,02/09/2015,36,0,0,0,8,1
2015,B,02/09/2015,36,0,0,0,5,1
2015,B,02/09/2015,36,0,0,0,0,0
2015,D,31/08/2015,36,0,0,0,11,6
2015,D,31/08/2015,36,0,0,0,2,0
2015,D,31/08/2015,36,0,0,0,4,4
2015,D,31/08/2015,36,0,0,0,2,2
2015,D,31/08/2015,36,0,0,0,1,1
2015,D,31/08/2015,36,0,0,0,0,0
2015,Z,04/09/2015,36,0,0,0,,
2015,Z,04/09/2015,36,0,0,0,1,0
2015,Z,04/09/2015,36,0,0,0,5,0
2015,D,07/09/2015,37,0,0,0,13,13
2015,D,07/09/2015,37,0,0,0,1,1
2015,D,07/09/2015,37,0,0,0,1,0
2015,D,07/09/2015,37,0,0,0,0,0
2015,D,07/09/2015,37,0,0,0,0,0
2015,D,07/09/2015,37,0,0,0,1,1
2015,Z,11/09/2015,37,0,0,0,,
2015,Z,11/09/2015,37,0,0,0,3,0
2015,Z,11/09/2015,37,0,0,0,2,2
2015,B,17/09/2015,38,0,0,0,68,52
2015,B,17/09/2015,38,0,0,0,29,3
2015,B,17/09/2015,38,0,0,0,14,4
2015,B,17/09/2015,38,0,0,0,26,8
2015,B,17/09/2015,38,0,0,0,28,1
2015,B,17/09/2015,38,0,0,0,71,1
2015,B,17/09/2015,38,0,0,0,0,0
2015,B,17/09/2015,38,0,0,0,121,3
2015,D,14/09/2015,38,0,0,0,89,31
2015,D,14/09/2015,38,0,0,0,18,5
2015,D,14/09/2015,38,0,0,0,12,5
2015,D,14/09/2015,38,0,0,0,10,3
2015,D,14/09/2015,38,0,0,0,9,5
2015,D,14/09/2015,38,0,0,0,3,9
2015,A,05/10/2015,41,0,0,0,1,0
2015,A,05/10/2015,41,0,0,0,1,0
2015,A,05/10/2015,41,0,0,0,44,2
2015,A,05/10/2015,41,0,0,0,15,2
2015,A,05/10/2015,41,0,0,0,7,0
2015,A,05/10/2015,41,0,1,1,82,0
2015,A,05/10/2015,41,0,0,0,6,0
2015,A,05/10/2015,41,0,0,0,70,4
2015,A,05/10/2015,41,0,0,0,24,4
2015,A,05/10/2015,41,0,0,0,20,1
2015,A,12/10/2015,42,3,0,3,106,3
2015,A,12/10/2015,42,9,1,10,42,1
2015,A,12/10/2015,42,0,1,1,28,2
2015,A,12/10/2015,42,4,1,5,29,3
2015,A,12/10/2015,42,4,1,5,20,2
2015,A,12/10/2015,42,9,7,16,314,37
2015,A,12/10/2015,42,29,7,36,329,21
2015,A,12/10/2015,42,2,2,4,115,0
2015,A,12/10/2015,42,4,3,7,38,9
2015,A,12/10/2015,42,0,0,0,5,0
2015,A,19/10/2015,43,2,2,4,108,4
2015,A,19/10/2015,43,1,1,2,82,0
2015,A,19/10/2015,43,4,0,4,29,5
2015,A,19/10/2015,43,3,1,4,41,2
2015,A,19/10/2015,43,2,0,2,63,18
2015,A,19/10/2015,43,2,2,4,385,43
2015,A,19/10/2015,43,19,15,34,194,44
2015,A,19/10/2015,43,3,1,4,84,7
2015,A,19/10/2015,43,2,1,3,17,2
2015,A,19/10/2015,43,1,0,1,7,3
2015,A,26/10/2015,44,6,0,6,89,3
2015,A,26/10/2015,44,0,4,4,97,4
2015,A,26/10/2015,44,0,1,1,6,0
2015,A,26/10/2015,44,1,0,1,36,4
2015,A,26/10/2015,44,1,0,1,11,2
2015,A,26/10/2015,44,0,2,2,107,13
2015,A,26/10/2015,44,15,18,33,129,19
2015,A,26/10/2015,44,2,3,5,87,0
2015,A,26/10/2015,44,3,2,5,23,2
2015,A,26/10/2015,44,1,0,1,18,4
2015,A,02/11/2015,45,10,1,11,345,12
2015,A,02/11/2015,45,1,0,1,28,2
2015,A,02/11/2015,45,0,0,0,4,1
2015,A,02/11/2015,45,4,3,7,44,2
2015,A,02/11/2015,45,1,1,2,64,1
2015,A,02/11/2015,45,3,3,6,51,8
2015,A,02/11/2015,45,72,53,125,164,19
2015,A,02/11/2015,45,2,1,3,50,5
2015,A,02/11/2015,45,4,4,8,12,1
2015,A,02/11/2015,45,1,0,1,8,2
2015,A,09/11/2015,46,8,0,8,135,7
2015,A,09/11/2015,46,5,0,5,70,0
2015,A,09/11/2015,46,1,0,1,6,0
2015,A,09/11/2015,46,6,0,6,29,7
2015,A,09/11/2015,46,3,0,3,8,12
2015,A,09/11/2015,46,9,2,11,52,5
2015,A,09/11/2015,46,22,11,33,67,19
2015,A,09/11/2015,46,2,0,2,18,3
2015,A,09/11/2015,46,5,2,7,14,2
2015,A,09/11/2015,46,0,0,0,11,0
2015,A,16/11/2015,47,3,0,3,62,2
2015,A,16/11/2015,47,2,3,5,66,3
2015,A,16/11/2015,47,1,0,1,2,0
2015,A,16/11/2015,47,1,0,1,18,1
2015,A,16/11/2015,47,1,0,1,24,5
2015,A,16/11/2015,47,0,1,1,21,0
2015,A,16/11/2015,47,11,3,14,37,3
2015,A,16/11/2015,47,0,0,0,1,0
2015,A,16/11/2015,47,2,0,2,15,1
2015,A,16/11/2015,47,0,0,0,7,0
2015,A,02/12/2015,49,0,0,0,113,0
2015,A,02/12/2015,49,3,2,5,150,1
2015,A,02/12/2015,49,1,0,1,1,0
2015,A,02/12/2015,49,3,0,3,16,0
2015,A,02/12/2015,49,0,0,0,7,1
2015,A,02/12/2015,49,2,0,2,40,1
2015,A,02/12/2015,49,2,1,3,30,3
2015,A,02/12/2015,49,0,2,2,16,0
2015,A,02/12/2015,49,3,2,5,15,0
2015,A,02/12/2015,49,0,0,0,8,0
2015,A,08/12/2015,50,0,0,0,18,1
2015,A,08/12/2015,50,0,0,0,24,1
2015,A,08/12/2015,50,1,0,1,5,0
2015,A,08/12/2015,50,2,0,2,48,1
2015,A,08/12/2015,50,2,1,3,70,1
2015,A,08/12/2015,50,0,0,0,69,2
2015,A,08/12/2015,50,0,0,0,18,1
2015,A,08/12/2015,50,0,0,0,1,0
2015,A,08/12/2015,50,4,4,8,18,0
2015,A,08/12/2015,50,0,0,0,16,0
2015,A,15/12/2015,51,0,0,0,15,0
2015,A,15/12/2015,51,0,0,0,20,0
2015,A,15/12/2015,51,2,0,2,5,0
2015,A,15/12/2015,51,1,0,1,14,0
2015,A,15/12/2015,51,0,0,0,13,0
2015,A,15/12/2015,51,0,0,0,30,0
2015,A,15/12/2015,51,4,1,5,39,1
2015,A,15/12/2015,51,3,2,5,37,0
2015,A,15/12/2015,51,2,1,3,11,0
2015,A,15/12/2015,51,0,0,0,6,0
2015,A,15/12/2015,51,0,0,0,29,0
2015,A,15/12/2015,51,0,0,0,12,1
2016,A,07/01/2016,2,0,0,0,215,0
2016,A,07/01/2016,2,0,0,0,222,0
2016,A,07/01/2016,2,1,2,3,20,0
2016,A,07/01/2016,2,6,2,8,154,0
2016,A,07/01/2016,2,3,0,3,77,2
2016,A,07/01/2016,2,4,0,4,96,1
2016,A,07/01/2016,2,2,0,2,113,4
2016,A,07/01/2016,2,2,2,4,16,0
2016,A,07/01/2016,2,4,2,6,31,0
2016,A,07/01/2016,2,1,0,1,37,0
2016,A,07/01/2016,2,0,0,0,57,0
2016,A,07/01/2016,2,0,0,0,14,0
2016,A,13/01/2016,3,0,0,0,26,0
2016,A,13/01/2016,3,0,0,0,21,0
2016,A,13/01/2016,3,1,0,1,1,0
2016,A,13/01/2016,3,0,1,1,7,0
2016,A,13/01/2016,3,0,0,0,1,0
2016,A,13/01/2016,3,0,0,0,0,0
2016,A,13/01/2016,3,0,0,0,2,0
2016,A,13/01/2016,3,0,0,0,4,0
2016,A,13/01/2016,3,1,0,1,3,2
2016,A,13/01/2016,3,0,0,0,3,0
2016,A,13/01/2016,3,0,0,0,7,0
2016,A,13/01/2016,3,0,0,0,0,0
2016,A,21/01/2016,4,0,0,0,0,0
2016,A,21/01/2016,4,0,0,0,0,0
2016,A,21/01/2016,4,0,0,0,0,0
2016,A,21/01/2016,4,0,0,0,0,0
2016,A,21/01/2016,4,0,0,0,0,0
2016,A,21/01/2016,4,0,0,0,0,0
2016,A,21/01/2016,4,0,0,0,0,0
2016,A,21/01/2016,4,0,0,0,0,0
2016,A,21/01/2016,4,0,0,0,0,0
2016,A,21/01/2016,4,0,0,0,0,0
2016,A,21/01/2016,4,0,0,0,0,0
2016,A,21/01/2016,4,0,0,0,0,0
2016,A,28/01/2016,5,0,0,0,0,0
2016,A,28/01/2016,5,0,0,0,0,0
2016,A,28/01/2016,5,0,0,0,0,0
2016,A,28/01/2016,5,0,0,0,0,0
2016,A,28/01/2016,5,0,0,0,0,0
2016,A,28/01/2016,5,0,0,0,0,0
2016,A,28/01/2016,5,0,0,0,0,0
2016,A,28/01/2016,5,0,0,0,0,0
2016,A,28/01/2016,5,0,0,0,0,0
2016,A,28/01/2016,5,0,0,0,0,0
2016,A,28/01/2016,5,0,0,0,0,0
2016,A,28/01/2016,5,0,0,0,0,0
2016,A,04/02/2016,6,0,0,0,0,0
2016,A,04/02/2016,6,0,0,0,0,0
2016,A,04/02/2016,6,0,0,0,0,0
2016,A,04/02/2016,6,0,0,0,0,0
2016,A,04/02/2016,6,0,0,0,0,0
2016,A,04/02/2016,6,0,0,0,0,0
2016,A,04/02/2016,6,0,0,0,15,1
2016,A,04/02/2016,6,1,0,1,4,0
2016,A,04/02/2016,6,1,0,1,6,0
2016,A,04/02/2016,6,0,0,0,4,0
2016,A,04/02/2016,6,0,0,0,7,0
2016,A,04/02/2016,6,0,0,0,0,0
2016,A,11/02/2016,7,0,0,0,23,0
2016,A,11/02/2016,7,0,0,0,31,0
2016,A,11/02/2016,7,0,0,0,1,0
2016,A,11/02/2016,7,0,0,0,6,0
2016,A,11/02/2016,7,0,0,0,3,0
2016,A,11/02/2016,7,0,0,0,12,0
2016,A,11/02/2016,7,0,0,0,3,0
2016,A,11/02/2016,7,0,0,0,11,0
2016,A,11/02/2016,7,0,0,0,5,0
2016,A,11/02/2016,7,0,0,0,0,0
2016,A,11/02/2016,7,0,0,0,6,0
2016,A,11/02/2016,7,0,0,0,0,0
2016,A,18/02/2016,8,0,0,0,5,0
2016,A,18/02/2016,8,0,0,0,2,0
2016,A,18/02/2016,8,0,0,0,0,0
2016,A,18/02/2016,8,0,0,0,0,0
2016,A,18/02/2016,8,0,0,0,0,0
2016,A,18/02/2016,8,0,0,0,0,0
2016,A,18/02/2016,8,0,0,0,0,0
2016,A,18/02/2016,8,0,0,0,1,0
2016,A,18/02/2016,8,0,0,0,2,0
2016,A,18/02/2016,8,0,0,0,1,0
2016,A,18/02/2016,8,0,0,0,3,0
2016,A,18/02/2016,8,0,0,0,4,0
2016,A,25/02/2016,9,0,0,0,6,0
2016,A,25/02/2016,9,0,0,0,6,0
2016,A,25/02/2016,9,0,0,0,0,0
2016,A,25/02/2016,9,0,0,0,2,0
2016,A,25/02/2016,9,0,0,0,0,0
2016,A,25/02/2016,9,0,0,0,4,0
2016,A,25/02/2016,9,0,0,0,5,0
2016,A,25/02/2016,9,0,0,0,3,0
2016,A,25/02/2016,9,0,0,0,0,0
2016,A,25/02/2016,9,0,0,0,1,0
2016,A,25/02/2016,9,0,0,0,7,0
2016,A,25/02/2016,9,0,0,0,1,0
2016,A,03/03/2016,10,0,0,0,10,0
2016,A,03/03/2016,10,0,0,0,20,0
2016,A,03/03/2016,10,0,0,0,0,0
2016,A,03/03/2016,10,0,0,0,2,0
2016,A,03/03/2016,10,0,0,0,6,0
2016,A,03/03/2016,10,0,0,0,11,0
2016,A,03/03/2016,10,0,0,0,16,0
2016,A,03/03/2016,10,0,0,0,7,0
2016,A,03/03/2016,10,0,0,0,9,0
2016,A,03/03/2016,10,0,0,0,4,0
2016,A,03/03/2016,10,0,0,0,12,0
2016,A,03/03/2016,10,0,0,0,2,0
2016,A,10/03/2016,11,0,0,0,6,0
2016,A,11/03/2016,11,0,0,0,13,0
2016,A,11/03/2016,11,0,0,0,1,0
2016,A,11/03/2016,11,0,0,0,1,0
2016,A,11/03/2016,11,0,0,0,1,0
2016,A,11/03/2016,11,0,0,0,0,0
2016,A,11/03/2016,11,0,0,0,11,0
2016,A,11/03/2016,11,0,0,0,3,0
2016,A,11/03/2016,11,0,0,0,2,0
2016,A,11/03/2016,11,0,0,0,1,0
2016,A,11/03/2016,11,0,0,0,3,0
2016,A,11/03/2016,11,0,0,0,0,0
2016,A,17/03/2016,12,0,0,0,77,0
2016,A,18/03/2016,12,0,0,0,136,0
2016,A,18/03/2016,12,0,0,0,15,0
2016,A,18/03/2016,12,0,0,0,10,0
2016,A,18/03/2016,12,0,0,0,11,0
2016,A,18/03/2016,12,0,0,0,21,0
2016,A,18/03/2016,12,0,0,0,116,0
2016,A,18/03/2016,12,0,0,0,19,0
2016,A,18/03/2016,12,0,0,0,73,0
2016,A,18/03/2016,12,0,0,0,22,0
2016,A,18/03/2016,12,1,1,2,23,0
2016,A,18/03/2016,12,0,0,0,7,0
2016,A,24/03/2016,13,0,0,0,69,0
2016,A,24/03/2016,13,0,0,0,76,0
2016,A,24/03/2016,13,0,0,0,2,0
2016,A,24/03/2016,13,0,0,0,9,0
2016,A,24/03/2016,13,0,0,0,9,0
2016,A,24/03/2016,13,0,0,0,17,0
2016,A,24/03/2016,13,0,0,0,39,0
2016,A,24/03/2016,13,0,0,0,12,0
2016,A,24/03/2016,13,0,0,0,41,0
2016,A,24/03/2016,13,0,0,0,10,0
2016,A,24/03/2016,13,0,0,0,34,0
2016,A,24/03/2016,13,0,0,0,21,0
2016,A,31/03/2016,14,0,0,0,70,0
2016,A,31/03/2016,14,0,0,0,54,0
2016,A,31/03/2016,14,0,0,0,1,0
2016,A,31/03/2016,14,0,0,0,12,0
2016,A,31/03/2016,14,0,0,0,2,0
2016,A,31/03/2016,14,0,0,0,16,0
2016,A,31/03/2016,14,0,0,0,97,0
2016,A,31/03/2016,14,0,0,0,19,0
2016,A,31/03/2016,14,0,0,0,17,0
2016,A,31/03/2016,14,0,0,0,4,0
2016,A,31/03/2016,14,0,0,0,6,0
2016,A,31/03/2016,14,0,0,0,3,0
2016,A,07/04/2016,15,0,0,0,0,0
2016,A,07/04/2016,15,0,0,0,0,0
2016,A,07/04/2016,15,0,0,0,7,0
2016,A,07/04/2016,15,0,0,0,6,0
2016,A,07/04/2016,15,0,0,0,6,0
2016,A,07/04/2016,15,0,0,0,60,4
2016,A,07/04/2016,15,0,0,0,0,0
2016,A,07/04/2016,15,0,0,0,1,0
2016,A,07/04/2016,15,0,0,0,8,0
2016,A,07/04/2016,15,0,0,0,6,0
2016,A,07/04/2016,15,0,0,0,10,0
2016,A,07/04/2016,15,0,0,0,1,0
2016,A,14/04/2016,16,0,0,0,6,0
2016,A,14/04/2016,16,0,0,0,16,0
2016,A,14/04/2016,16,0,0,0,0,0
2016,A,14/04/2016,16,0,0,0,5,0
2016,A,14/04/2016,16,0,0,0,2,0
2016,A,14/04/2016,16,0,0,0,29,3
2016,A,14/04/2016,16,0,0,0,30,2
2016,A,14/04/2016,16,0,0,0,15,1
2016,A,14/04/2016,16,0,0,0,11,0
2016,A,14/04/2016,16,0,0,0,5,1
2016,A,14/04/2016,16,0,0,0,15,0
2016,A,14/04/2016,16,0,0,0,2,0
2016,A,21/04/2016,17,0,0,0,90,0
2016,A,21/04/2016,17,0,0,0,173,0
2016,A,21/04/2016,17,0,0,0,19,0
2016,A,21/04/2016,17,0,0,0,20,0
2016,A,21/04/2016,17,0,0,0,18,0
2016,A,21/04/2016,17,0,0,0,69,0
2016,A,21/04/2016,17,0,0,0,45,0
2016,A,21/04/2016,17,0,0,0,70,1
2016,A,21/04/2016,17,0,0,0,27,0
2016,A,21/04/2016,17,0,0,0,15,0
2016,A,21/04/2016,17,0,0,0,27,2
2016,A,21/04/2016,17,0,0,0,6,0
2016,A,28/04/2016,18,0,0,0,0,0
2016,A,28/04/2016,18,0,0,0,0,0
2016,A,28/04/2016,18,0,1,1,0,0
2016,A,28/04/2016,18,0,0,0,0,0
2016,A,28/04/2016,18,0,0,0,0,0
2016,A,28/04/2016,18,0,0,0,0,0
2016,A,28/04/2016,18,0,0,0,0,0
2016,A,28/04/2016,18,0,0,0,0,0
2016,A,28/04/2016,18,0,0,0,0,0
2016,A,28/04/2016,18,0,0,0,0,0
2016,A,28/04/2016,18,0,0,0,0,0
2016,A,28/04/2016,18,0,0,0,0,0
2016,A,05/05/2016,19,0,0,0,33,1
2016,A,05/05/2016,19,1,1,2,67,0
2016,A,05/05/2016,19,0,0,0,8,0
2016,A,05/05/2016,19,0,0,0,13,0
2016,A,05/05/2016,19,0,0,0,5,0
2016,A,05/05/2016,19,0,0,0,14,0
2016,A,05/05/2016,19,0,0,0,9,0
2016,A,05/05/2016,19,0,1,1,9,0
2016,A,05/05/2016,19,0,0,0,15,0
2016,A,05/05/2016,19,0,0,0,6,0
2016,A,05/05/2016,19,0,0,0,15,0
2016,A,05/05/2016,19,0,0,0,6,0
2016,A,12/05/2016,20,0,0,0,85,0
2016,A,12/05/2016,20,1,1,2,103,1
2016,A,12/05/2016,20,0,0,0,8,0
2016,A,12/05/2016,20,0,0,0,28,2
2016,A,12/05/2016,20,0,0,0,0,0
2016,A,12/05/2016,20,0,0,0,0,0
2016,A,12/05/2016,20,0,0,0,0,0
2016,A,12/05/2016,20,0,0,0,0,0
2016,A,12/05/2016,20,0,0,0,15,0
2016,A,12/05/2016,20,0,0,0,7,1
2016,A,12/05/2016,20,0,0,0,70,1
2016,A,12/05/2016,20,0,0,0,7,0
2016,A,19/05/2016,21,0,0,0,120,0
2016,A,19/05/2016,21,1,1,2,103,0
2016,A,19/05/2016,21,0,1,1,9,0
2016,A,19/05/2016,21,0,0,0,22,0
2016,A,19/05/2016,21,0,2,2,18,0
2016,A,19/05/2016,21,0,1,1,7,0
2016,A,19/05/2016,21,0,0,0,25,0
2016,A,19/05/2016,21,0,1,1,4,0
2016,A,19/05/2016,21,0,0,0,33,0
2016,A,19/05/2016,21,0,0,0,2,0
2016,A,19/05/2016,21,0,0,0,41,0
2016,A,19/05/2016,21,0,0,0,25,0
2016,A,25/05/2016,22,1,1,2,94,1
2016,A,25/05/2016,22,0,1,1,66,0
2016,A,25/05/2016,22,1,0,1,12,0
2016,A,25/05/2016,22,1,0,1,11,0
2016,A,25/05/2016,22,0,0,0,16,0
2016,A,25/05/2016,22,0,1,1,13,0
2016,A,25/05/2016,22,0,0,0,25,0
2016,A,25/05/2016,22,0,0,0,27,0
2016,A,25/05/2016,22,0,0,0,5,0
2016,A,25/05/2016,22,0,0,0,25,0
2016,A,25/05/2016,22,0,0,0,3,0
2016,D,26/05/2016,22,0,0,0,0,0
2016,D,26/05/2016,22,0,0,0,9,0
2016,G,24/05/2016,22,0,0,0,119,20
2016,G,24/05/2016,22,0,1,1,151,2
2016,A,02/06/2016,23,0,0,0,0,0
2016,A,02/06/2016,23,0,0,0,0,0
2016,A,02/06/2016,23,0,0,0,0,0
2016,A,02/06/2016,23,0,0,0,0,0
2016,A,02/06/2016,23,0,0,0,0,0
2016,A,02/06/2016,23,0,0,0,0,0
2016,A,02/06/2016,23,0,0,0,0,0
2016,A,02/06/2016,23,0,0,0,0,0
2016,A,02/06/2016,23,0,0,0,0,0
2016,A,02/06/2016,23,0,0,0,0,0
2016,A,02/06/2016,23,0,0,0,0,0
2016,A,02/06/2016,23,0,0,0,0,0
2016,B,31/05/2016,23,0,0,0,7,0
2016,B,31/05/2016,23,0,0,0,4,0
2016,B,31/05/2016,23,0,0,0,10,0
2016,D,03/06/2016,23,0,0,0,7,0
2016,D,03/06/2016,23,0,0,0,12,0
2016,D,03/06/2016,23,0,0,0,14,0
2016,G,30/05/2016,23,0,0,0,9,1
2016,G,30/05/2016,23,0,0,0,43,2
2016,G,30/05/2016,23,0,0,0,43,0
2016,G,30/05/2016,23,0,0,0,32,0
2016,A,08/06/2016,24,0,0,0,33,1
2016,A,08/06/2016,24,0,0,0,20,0
2016,A,08/06/2016,24,0,0,0,28,1
2016,A,08/06/2016,24,0,0,0,8,0
2016,A,08/06/2016,24,0,0,0,9,0
2016,A,08/06/2016,24,0,0,0,18,2
2016,A,08/06/2016,24,0,0,0,15,0
2016,A,08/06/2016,24,0,0,0,7,0
2016,A,08/06/2016,24,0,0,0,56,0
2016,A,08/06/2016,24,0,0,0,2,0
2016,A,08/06/2016,24,0,0,0,5,0
2016,A,08/06/2016,24,0,0,0,6,0
2016,A,08/06/2016,24,0,0,0,31,3
2016,A,08/06/2016,24,0,0,0,46,0
2016,A,08/06/2016,24,1,0,1,9,0
2016,A,08/06/2016,24,0,0,0,95,0
2016,B,08/06/2016,24,0,0,0,4,0
2016,B,08/06/2016,24,0,0,0,20,0
2016,B,08/06/2016,24,0,0,0,22,0
2016,D,09/06/2016,24,0,0,0,3,1
2016,D,09/06/2016,24,0,0,0,15,1
2016,D,09/06/2016,24,0,0,0,2,0
2016,G,07/06/2016,24,0,0,0,26,0
2016,G,07/06/2016,24,0,0,0,98,7
2016,G,07/06/2016,24,0,0,0,19,0
2016,G,07/06/2016,24,0,0,0,28,0
2016,J,06/06/2016,24,0,0,0,19,1
2016,J,06/06/2016,24,0,0,0,36,0
2016,J,06/06/2016,24,0,0,0,14,0
2016,N,09/06/2016,24,0,0,0,143,0
2016,N,09/06/2016,24,0,0,0,69,2
2016,N,09/06/2016,24,0,0,0,55,0
2016,A,15/06/2016,25,0,0,0,147,0
2016,A,15/06/2016,25,0,1,1,69,2
2016,A,15/06/2016,25,0,0,0,14,0
2016,A,15/06/2016,25,0,0,0,32,3
2016,A,15/06/2016,25,0,0,0,18,0
2016,A,15/06/2016,25,0,0,0,33,0
2016,A,15/06/2016,25,0,0,0,13,0
2016,A,15/06/2016,25,0,0,0,35,0
2016,A,15/06/2016,25,0,0,0,33,0
2016,A,15/06/2016,25,0,0,0,55,0
2016,A,15/06/2016,25,0,0,0,0,0
2016,A,15/06/2016,25,0,0,0,21,0
2016,A,15/06/2016,25,0,0,0,14,0
2016,A,15/06/2016,25,0,0,0,92,1
2016,A,15/06/2016,25,0,0,0,47,1
2016,A,15/06/2016,25,0,0,0,12,0
2016,B,15/06/2016,25,0,0,0,1,0
2016,B,15/06/2016,25,0,0,0,13,0
2016,B,15/06/2016,25,0,0,0,216,0
2016,D,17/06/2016,25,0,0,0,0,0
2016,D,17/06/2016,25,0,0,0,7,0
2016,D,17/06/2016,25,0,0,0,6,0
2016,G,12/06/2016,25,0,0,0,21,2
2016,G,12/06/2016,25,0,0,0,19,1
2016,G,12/06/2016,25,0,0,0,27,2
2016,G,12/06/2016,25,0,0,0,8,0
2016,I,15/06/2016,25,0,0,0,20,0
2016,I,15/06/2016,25,0,0,0,6,0
2016,I,15/06/2016,25,0,0,0,38,1
2016,J,15/06/2016,25,0,0,0,6,0
2016,J,15/06/2016,25,0,0,0,26,0
2016,N,16/06/2016,25,0,0,0,45,0
2016,N,16/06/2016,25,0,0,0,17,0
2016,A,23/06/2016,26,0,0,0,64,2
2016,A,23/06/2016,26,0,1,1,60,0
2016,A,23/06/2016,26,0,0,0,27,5
2016,A,22/06/2016,26,0,0,0,12,0
2016,A,23/06/2016,26,0,0,0,13,0
2016,A,23/06/2016,26,0,0,0,11,0
2016,A,23/06/2016,26,0,0,0,19,0
2016,A,22/06/2016,26,0,0,0,17,1
2016,A,22/06/2016,26,0,0,0,6,0
2016,A,22/06/2016,26,0,1,1,53,0
2016,A,23/06/2016,26,0,0,0,2,0
2016,A,23/06/2016,26,0,0,0,12,0
2016,A,22/06/2016,26,0,0,0,13,0
2016,A,22/06/2016,26,0,0,0,45,0
2016,A,22/06/2016,26,1,0,1,85,1
2016,A,22/06/2016,26,0,0,0,18,0
2016,B,21/06/2016,26,0,0,0,6,0
2016,B,21/06/2016,26,0,0,0,68,0
2016,B,21/06/2016,26,0,0,0,63,2
2016,D,24/06/2016,26,0,0,0,7,2
2016,D,24/06/2016,26,0,0,0,3,0
2016,D,24/06/2016,26,0,0,0,7,1
2016,D,25/06/2016,26,0,0,0,13,0
2016,G,20/06/2016,26,0,0,0,41,4
2016,G,20/06/2016,26,0,0,0,41,6
2016,G,20/06/2016,26,0,0,0,77,2
2016,G,20/06/2016,26,0,0,0,44,1
2016,I,24/06/2016,26,0,0,0,34,1
2016,I,24/06/2016,26,0,0,0,6,0
2016,I,24/06/2016,26,0,0,0,9,0
2016,J,21/06/2016,26,0,0,0,32,0
2016,J,21/06/2016,26,0,0,0,31,0
2016,J,21/06/2016,26,0,0,0,21,0
2016,K,21/06/2016,26,0,0,0,21,0
2016,K,21/06/2016,26,0,0,0,55,0
2016,K,21/06/2016,26,0,0,0,68,0
2016,N,28/06/2016,26,0,0,0,46,2
2016,N,28/06/2016,26,0,0,0,40,0
2016,N,28/06/2016,26,0,0,0,3,0
2016,A,29/06/2016,27,2,0,2,127,2
2016,A,29/06/2016,27,0,1,1,122,4
2016,A,29/06/2016,27,0,0,0,13,2
2016,A,29/06/2016,27,0,0,0,6,3
2016,A,29/06/2016,27,0,0,0,0,0
2016,A,29/06/2016,27,0,0,0,13,0
2016,A,29/06/2016,27,0,0,0,12,0
2016,A,29/06/2016,27,0,0,0,6,0
2016,A,29/06/2016,27,0,0,0,16,0
2016,A,29/06/2016,27,0,0,0,35,2
2016,A,29/06/2016,27,0,0,0,88,0
2016,A,29/06/2016,27,0,0,0,8,1
2016,A,29/06/2016,27,0,0,0,35,6
2016,A,29/06/2016,27,0,0,0,18,2
2016,A,29/06/2016,27,0,0,0,96,0
2016,A,29/06/2016,27,0,0,0,38,0
2016,D,30/06/2016,27,0,0,0,24,2
2016,D,30/06/2016,27,0,0,0,1,0
2016,D,30/06/2016,27,0,0,0,16,7
2016,G,27/06/2016,27,0,0,0,16,3
2016,G,27/06/2016,27,0,0,0,35,3
2016,G,27/06/2016,27,0,0,0,24,0
2016,G,27/06/2016,27,0,0,0,8,0
2016,I,27/06/2016,27,0,0,0,26,1
2016,I,27/06/2016,27,0,0,0,1,0
2016,I,27/06/2016,27,0,0,0,7,0
2016,J,29/06/2016,27,0,0,0,16,1
2016,J,29/06/2016,27,0,0,0,11,0
2016,J,29/06/2016,27,0,0,0,46,1
2016,K,28/06/2016,27,0,0,0,24,1
2016,K,28/06/2016,27,0,0,0,60,2
2016,K,28/06/2016,27,0,0,0,47,0
2016,N,01/07/2016,27,0,0,0,107,0
2016,N,01/07/2016,27,0,0,0,61,0
2016,N,01/07/2016,27,0,0,0,103,0
2016,A,06/07/2016,28,1,0,1,38,3
2016,A,06/07/2016,28,0,1,1,55,2
2016,A,06/07/2016,28,0,0,0,4,0
2016,A,06/07/2016,28,0,0,0,1,1
2016,A,06/07/2016,28,0,0,0,4,0
2016,A,06/07/2016,28,0,0,0,6,3
2016,A,06/07/2016,28,0,0,0,9,0
2016,A,06/07/2016,28,0,0,0,18,0
2016,A,06/07/2016,28,0,0,0,16,0
2016,A,06/07/2016,28,0,0,0,59,1
2016,A,06/07/2016,28,0,0,0,14,4
2016,A,06/07/2016,28,0,0,0,5,2
2016,A,06/07/2016,28,0,0,0,20,0
2016,A,06/07/2016,28,0,0,0,22,2
2016,A,06/07/2016,28,0,0,0,39,0
2016,B,05/07/2016,28,0,0,0,2,0
2016,B,05/07/2016,28,0,0,0,33,5
2016,B,05/07/2016,28,0,0,0,75,9
2016,D,07/07/2016,28,0,0,0,14,0
2016,D,07/07/2016,28,0,0,0,8,2
2016,D,07/07/2016,28,0,0,0,1,0
2016,G,04/07/2016,28,0,0,0,14,2
2016,G,04/07/2016,28,0,0,0,6,2
2016,G,04/07/2016,28,0,0,0,0,0
2016,G,04/07/2016,28,0,0,0,9,1
2016,I,12/07/2016,28,0,0,0,105,1
2016,I,12/07/2016,28,0,0,0,43,0
2016,J,05/07/2016,28,0,0,0,32,1
2016,J,05/07/2016,28,0,0,0,20,1
2016,J,05/07/2016,28,0,0,0,51,1
2016,K,05/07/2016,28,0,0,0,49,6
2016,K,05/07/2016,28,0,0,0,16,0
2016,K,05/07/2016,28,0,0,0,10,1
2016,N,05/07/2016,28,0,0,0,1,0
2016,A,13/07/2016,29,0,2,2,39,3
2016,A,13/07/2016,29,2,0,2,73,15
2016,A,14/07/2016,29,0,0,0,3,5
2016,A,14/07/2016,29,0,0,0,11,6
2016,A,14/07/2016,29,0,0,0,0,0
2016,A,14/07/2016,29,1,0,1,8,1
2016,A,14/07/2016,29,0,0,0,13,5
2016,A,14/07/2016,29,0,0,0,26,1
2016,A,13/07/2016,29,0,0,0,4,0
2016,A,13/07/2016,29,0,1,1,65,1
2016,A,13/07/2016,29,0,0,0,52,2
2016,A,14/07/2016,29,0,0,0,1,0
2016,A,13/07/2016,29,0,0,0,39,11
2016,A,13/07/2016,29,0,0,0,28,3
2016,A,13/07/2016,29,0,1,1,66,3
2016,A,13/07/2016,29,0,0,0,16,0
2016,A,13/07/2016,29,0,0,0,38,2
2016,B,13/07/2016,29,0,0,0,3,0
2016,B,13/07/2016,29,0,0,0,15,0
2016,B,16/07/2016,29,0,0,0,34,6
2016,B,13/07/2016,29,0,0,0,22,0
2016,D,14/07/2016,29,0,0,0,7,1
2016,D,14/07/2016,29,0,0,0,3,0
2016,D,14/07/2016,29,0,0,0,22,10
2016,G,13/07/2016,29,0,0,0,66,13
2016,G,13/07/2016,29,0,0,0,69,9
2016,G,13/07/2016,29,0,0,0,20,2
2016,G,13/07/2016,29,0,0,0,49,11
2016,I,13/07/2016,29,0,0,0,126,7
2016,I,13/07/2016,29,0,0,0,6,0
2016,I,13/07/2016,29,0,0,0,32,0
2016,K,12/07/2016,29,0,0,0,9,0
2016,K,12/07/2016,29,0,0,0,22,0
2016,N,13/07/2016,29,0,0,0,42,0
2016,N,13/07/2016,29,0,0,0,44,1
2016,A,20/07/2016,30,0,0,0,77,0
2016,A,20/07/2016,30,0,0,0,32,1
2016,A,20/07/2016,30,0,0,0,81,6
2016,A,20/07/2016,30,0,0,0,0,0
2016,A,20/07/2016,30,0,0,0,28,2
2016,A,20/07/2016,30,0,0,0,8,2
2016,A,20/07/2016,30,0,0,0,11,2
2016,A,20/07/2016,30,2,1,3,159,9
2016,A,20/07/2016,30,0,0,0,40,8
2016,A,20/07/2016,30,0,0,0,47,8
2016,A,20/07/2016,30,0,0,0,122,0
2016,A,20/07/2016,30,0,0,0,85,5
2016,A,20/07/2016,30,0,0,0,42,2
2016,A,20/07/2016,30,0,0,0,39,3
2016,A,20/07/2016,30,0,0,0,43,3
2016,A,20/07/2016,30,0,0,0,56,8
2016,A,20/07/2016,30,0,0,0,43,1
2016,B,19/07/2016,30,0,0,0,4,0
2016,B,19/07/2016,30,0,0,0,101,17
2016,D,21/07/2016,30,0,0,0,10,2
2016,D,21/07/2016,30,0,0,0,3,2
2016,D,21/07/2016,30,0,0,0,3,0
2016,F,18/07/2016,30,0,0,0,367,367
2016,G,20/07/2016,30,0,0,0,35,5
2016,G,20/07/2016,30,0,0,0,12,6
2016,G,20/07/2016,30,0,0,0,11,3
2016,G,20/07/2016,30,0,0,0,7,1
2016,I,22/07/2016,30,0,0,0,44,2
2016,I,22/07/2016,30,0,0,0,52,3
2016,I,22/07/2016,30,0,0,0,119,1
2016,J,20/07/2016,30,0,0,0,11,6
2016,J,20/07/2016,30,0,0,0,27,1
2016,K,19/07/2016,30,0,0,0,17,2
2016,K,19/07/2016,30,0,1,1,35,2
2016,K,19/07/2016,30,0,0,0,22,2
2016,A,27/07/2016,31,0,0,0,78,1
2016,A,27/07/2016,31,2,0,2,105,8
2016,A,27/07/2016,31,0,0,0,65,11
2016,A,27/07/2016,31,0,0,0,14,1
2016,A,27/07/2016,31,0,0,0,17,1
2016,A,27/07/2016,31,0,0,0,2,0
2016,A,27/07/2016,31,0,0,0,18,1
2016,A,27/07/2016,31,0,0,0,21,1
2016,A,27/07/2016,31,0,0,0,126,8
2016,A,27/07/2016,31,0,0,0,54,2
2016,A,27/07/2016,31,0,0,0,43,0
2016,A,27/07/2016,31,0,0,0,4,2
2016,A,27/07/2016,31,0,0,0,217,14
2016,A,27/07/2016,31,0,0,0,64,2
2016,A,27/07/2016,31,0,0,0,34,2
2016,A,27/07/2016,31,0,0,0,84,7
2016,A,27/07/2016,31,0,0,0,35,1
2016,B,26/07/2016,31,0,0,0,10,3
2016,B,26/07/2016,31,0,0,0,7,4
2016,B,26/07/2016,31,0,0,0,19,1
2016,D,29/07/2016,31,0,0,0,15,10
2016,D,29/07/2016,31,0,0,0,2,1
2016,D,29/07/2016,31,0,0,0,2,0
2016,F,24/07/2016,31,0,0,0,104,101
2016,G,27/07/2016,31,0,0,0,89,3
2016,G,27/07/2016,31,0,0,0,131,6
2016,G,27/07/2016,31,0,0,0,18,4
2016,G,27/07/2016,31,0,0,0,11,1
2016,I,27/07/2016,31,0,0,0,37,2
2016,I,27/07/2016,31,0,0,0,6,0
2016,I,27/07/2016,31,0,0,0,8,0
2016,K,27/07/2016,31,0,0,0,46,4
2016,K,27/07/2016,31,0,0,0,18,4
2016,K,27/07/2016,31,0,0,0,34,0
2016,N,25/07/2016,31,0,0,0,2,1
2016,A,03/08/2016,32,1,1,2,107,4
2016,A,03/08/2016,32,0,1,1,107,4
2016,A,03/08/2016,32,1,0,1,67,4
2016,A,03/08/2016,32,0,0,0,17,2
2016,A,03/08/2016,32,1,0,1,78,5
2016,A,03/08/2016,32,0,0,0,32,1
2016,B,04/08/2016,32,0,0,0,4,0
2016,B,04/08/2016,32,0,0,0,15,0
2016,B,04/08/2016,32,0,0,0,37,2
2016,D,04/08/2016,32,0,0,0,4,1
2016,D,04/08/2016,32,0,0,0,2,0
2016,D,04/08/2016,32,0,0,0,0,0
2016,I,05/08/2016,32,0,0,0,39,7
2016,I,05/08/2016,32,0,0,0,3,0
2016,I,05/08/2016,32,0,0,0,0,0
2016,A,10/08/2016,33,0,0,0,1,1
2016,A,10/08/2016,33,0,0,0,36,28
2016,A,10/08/2016,33,0,0,0,24,0
2016,A,10/08/2016,33,1,0,1,131,13
2016,A,10/08/2016,33,0,0,0,327,145
2016,A,10/08/2016,33,0,0,0,25,12
2016,A,10/08/2016,33,3,1,4,249,7
2016,A,10/08/2016,33,0,0,0,21,8
2016,A,10/08/2016,33,1,0,1,36,12
2016,B,11/08/2016,33,0,0,0,4,1
2016,B,11/08/2016,33,0,0,0,5,0
2016,D,11/08/2016,33,0,0,0,11,2
2016,D,11/08/2016,33,0,0,0,1,0
2016,D,11/08/2016,33,0,0,0,1,0
2016,G,09/08/2016,33,0,0,0,46,0
2016,G,09/08/2016,33,0,0,0,11,0
2016,I,09/08/2016,33,0,0,0,75,8
2016,I,09/08/2016,33,0,0,0,14,0
2016,I,09/08/2016,33,0,0,0,86,4
2016,M,11/08/2016,33,0,0,0,30,1
2016,M,08/08/2016,33,0,0,0,42,5
2016,M,08/08/2016,33,0,0,0,34,5
2016,M,11/08/2016,33,0,0,0,5,2
2016,M,08/08/2016,33,0,0,0,16,6
2016,M,11/08/2016,33,0,0,0,5,1
2016,A,17/08/2016,34,0,0,0,10,1
2016,A,17/08/2016,34,0,1,1,198,133
2016,A,10/08/2016,34,0,0,0,,
2016,A,10/08/2016,34,0,0,0,,
2016,A,17/08/2016,34,1,0,1,161,6
2016,A,17/08/2016,34,5,1,6,126,11
2016,B,18/08/2016,34,0,0,0,2,0
2016,B,18/08/2016,34,0,0,0,17,4
2016,B,18/08/2016,34,0,0,0,33,7
2016,C,19/08/2016,34,0,0,0,52,2
2016,C,19/08/2016,34,0,0,0,16,13
2016,C,19/08/2016,34,0,0,0,5,2
2016,D,18/08/2016,34,0,0,0,18,9
2016,D,18/08/2016,34,0,0,0,5,1
2016,D,18/08/2016,34,0,0,0,16,0
2016,G,17/08/2016,34,0,0,0,56,0
2016,G,17/08/2016,34,0,0,0,26,3
2016,G,17/08/2016,34,0,1,1,119,1
2016,G,17/08/2016,34,0,0,0,24,0
2016,I,16/08/2016,34,0,0,0,99,14
2016,I,16/08/2016,34,0,0,0,2,0
2016,I,16/08/2016,34,0,0,0,25,6
2016,K,16/08/2016,34,0,0,0,1,1
2016,K,16/08/2016,34,0,0,0,29,1
2016,K,16/08/2016,34,0,0,0,43,3
2016,M,16/08/2016,34,0,0,0,5,1
2016,M,18/08/2016,34,0,0,0,41,2
2016,M,16/08/2016,34,0,0,0,13,5
2016,M,18/08/2016,34,0,0,0,111,2
2016,M,16/08/2016,34,0,0,0,2,2
2016,M,18/08/2016,34,0,0,0,22,2
2016,A,24/08/2016,35,0,0,0,6,0
2016,A,24/08/2016,35,0,1,1,101,47
2016,A,24/08/2016,35,0,0,0,153,20
2016,A,24/08/2016,35,4,0,4,783,24
2016,A,24/08/2016,35,1,0,1,274,19
2016,A,24/08/2016,35,2,1,3,345,10
2016,B,22/08/2016,35,0,0,0,0,0
2016,D,26/08/2016,35,0,0,0,10,9
2016,D,26/08/2016,35,0,0,0,2,0
2016,D,26/08/2016,35,0,0,0,10,2
2016,G,22/08/2016,35,0,0,0,19,0
2016,G,22/08/2016,35,0,0,0,39,0
2016,G,22/08/2016,35,0,0,0,38,2
2016,G,22/08/2016,35,0,0,0,96,0
2016,K,22/08/2016,35,0,0,0,7,2
2016,K,22/08/2016,35,0,0,0,43,10
2016,K,22/08/2016,35,0,0,0,150,12
2016,M,23/08/2016,35,0,0,0,14,0
2016,M,23/08/2016,35,0,0,0,10,2
2016,M,23/08/2016,35,0,0,0,7,2
2016,A,31/08/2016,36,2,1,3,2310,69
2016,A,31/08/2016,36,0,0,0,182,35
2016,A,31/08/2016,36,0,0,0,124,38
2016,A,31/08/2016,36,3,0,3,473,187
2016,A,31/08/2016,36,5,1,6,494,41
2016,A,31/08/2016,36,21,15,36,1166,159
2016,B,02/09/2016,36,0,0,0,32,4
2016,B,02/09/2016,36,0,0,0,6,1
2016,B,02/09/2016,36,0,0,0,50,10
2016,D,01/09/2016,36,0,0,0,8,4
2016,D,01/09/2016,36,0,0,0,12,0
2016,D,01/09/2016,36,0,0,0,5,1
2016,G,30/08/2016,36,0,0,0,767,76
2016,G,30/08/2016,36,0,0,0,267,12
2016,G,30/08/2016,36,2,0,2,590,74
2016,G,30/08/2016,36,2,0,2,500,56
2016,K,31/08/2016,36,0,1,1,36,6
2016,K,31/08/2016,36,0,1,1,140,17
2016,K,31/08/2016,36,0,0,0,202,4
2016,M,29/08/2016,36,0,0,0,9,1
2016,M,29/08/2016,36,0,0,0,16,1
2016,M,29/08/2016,36,0,0,0,32,6
2016,A,07/09/2016,37,2,1,3,594,36
2016,A,07/09/2016,37,1,3,4,130,36
2016,A,07/09/2016,37,2,8,10,119,24
2016,B,07/09/2016,37,0,0,0,8,1
2016,B,07/09/2016,37,0,0,0,17,2
2016,B,07/09/2016,37,0,0,0,51,9
2016,C,10/09/2016,37,0,0,0,86,34
2016,D,08/09/2016,37,0,0,0,2,1
2016,D,08/09/2016,37,0,0,0,4,2
2016,D,08/09/2016,37,0,0,0,2,0
2016,G,06/09/2016,37,2,0,2,124,17
2016,G,06/09/2016,37,0,0,0,35,1
2016,G,06/09/2016,37,5,2,7,211,21
2016,G,06/09/2016,37,4,2,6,61,16
2016,A,14/09/2016,38,0,0,0,11,3
2016,A,14/09/2016,38,0,0,0,54,8
2016,A,14/09/2016,38,1,2,3,839,48
2016,A,14/09/2016,38,5,7,12,160,13
2016,A,14/09/2016,38,20,16,36,160,23
2016,B,14/09/2016,38,0,0,0,14,0
2016,B,14/09/2016,38,0,0,0,36,9
2016,B,14/09/2016,38,0,0,0,14,3
2016,D,16/09/2016,38,0,0,0,8,4
2016,D,16/09/2016,38,0,0,0,4,2
2016,D,16/09/2016,38,0,0,0,5,1
2016,G,14/09/2016,38,0,0,0,21,2
2016,G,14/09/2016,38,1,1,2,22,2
2016,G,14/09/2016,38,2,1,3,59,8
2016,G,14/09/2016,38,0,1,1,11,0
2016,K,14/09/2016,38,0,0,0,3,0
2016,K,14/09/2016,38,0,0,0,37,18
2016,K,14/09/2016,38,2,1,3,263,33
2016,M,14/09/2016,38,0,0,0,35,7
2016,M,14/09/2016,38,0,0,0,30,7
2016,M,14/09/2016,38,0,0,0,15,1
2016,N,12/09/2016,38,0,0,0,73,2
2016,N,12/09/2016,38,0,0,0,172,4
2016,A,21/09/2016,39,0,0,0,22,1
2016,A,21/09/2016,39,1,1,2,65,5
2016,A,21/09/2016,39,5,4,9,460,23
2016,A,21/09/2016,39,1,9,10,84,15
2016,A,21/09/2016,39,22,14,36,105,29
2016,B,20/09/2016,39,0,0,0,7,0
2016,B,20/09/2016,39,0,0,0,8,2
2016,B,20/09/2016,39,0,0,0,14,3
2016,C,20/09/2016,39,0,0,0,21,2
2016,C,20/09/2016,39,0,0,0,2,1
2016,C,20/09/2016,39,0,0,0,7,4
2016,E,20/09/2016,39,0,0,0,48,42
2016,E,20/09/2016,39,0,0,0,11,8
2016,E,20/09/2016,39,0,0,0,9,3
2016,N,23/09/2016,39,0,0,0,11,2
2016,N,23/09/2016,39,0,2,2,39,0
2016,A,29/09/2016,40,0,0,0,1,0
2016,A,29/09/2016,40,54,31,85,731,53
2016,A,29/09/2016,40,3,3,6,68,26
2016,A,29/09/2016,40,47,23,70,179,25
2016,A,29/09/2016,40,83,57,140,255,39
2016,C,30/09/2016,40,0,0,0,11,1
2016,C,30/09/2016,40,0,0,0,6,4
2016,C,30/09/2016,40,0,0,0,1,1
2016,D,29/09/2016,40,0,0,0,3,0
2016,D,29/09/2016,40,0,0,0,18,9
2016,D,29/09/2016,40,0,0,0,7,1
2016,E,27/09/2016,40,0,0,0,5,0
2016,E,27/09/2016,40,0,0,0,7,2
2016,G,26/09/2016,40,0,0,0,4,0
2016,G,26/09/2016,40,4,1,5,70,26
2016,G,26/09/2016,40,3,5,8,32,5
2016,G,26/09/2016,40,4,3,7,32,5
2016,N,29/09/2016,40,0,0,0,34,5
2016,A,05/10/2016,41,2,1,3,13,3
2016,A,05/10/2016,41,45,24,69,734,66
2016,A,05/10/2016,41,4,5,9,70,16
2016,A,05/10/2016,41,32,24,56,169,32
2016,A,05/10/2016,41,67,34,101,242,61
2016,B,06/10/2016,41,0,0,0,0,0
2016,B,06/10/2016,41,0,0,0,7,3
2016,B,06/10/2016,41,0,3,3,60,30
2016,D,07/10/2016,41,0,2,2,73,2
2016,D,07/10/2016,41,0,0,0,8,0
2016,D,07/10/2016,41,0,0,0,14,4
2016,G,06/10/2016,41,6,2,8,20,7
2016,G,06/10/2016,41,2,3,5,9,1
2016,G,06/10/2016,41,4,2,6,38,17
2016,G,06/10/2016,41,10,3,13,52,28
2016,K,04/10/2016,41,3,0,3,81,41
2016,K,04/10/2016,41,0,0,0,481,424
2016,N,06/10/2016,41,0,0,0,30,0
2016,A,12/10/2016,42,0,0,0,30,26
2016,A,12/10/2016,42,2,1,3,63,24
2016,A,12/10/2016,42,40,21,61,816,74
2016,A,12/10/2016,42,9,5,14,80,15
2016,A,12/10/2016,42,54,39,93,247,35
2016,A,12/10/2016,42,59,20,79,186,25
2016,E,11/10/2016,42,0,0,0,7,4
2016,E,11/10/2016,42,0,0,0,31,29
2016,E,11/10/2016,42,0,0,0,20,20
2016,G,14/10/2016,42,5,1,6,9,1
2016,G,14/10/2016,42,4,0,4,8,0
2016,G,14/10/2016,42,0,1,1,23,16
2016,G,14/10/2016,42,1,1,2,18,11
2016,K,12/10/2016,42,1,6,7,39,19
2016,K,12/10/2016,42,1,1,2,97,51
2016,N,14/10/2016,42,1,2,3,61,0
2016,N,14/10/2016,42,0,1,1,146,10
2016,O,13/10/2016,42,0,0,0,18,6
2016,O,13/10/2016,42,1,0,1,21,2
2016,P,13/10/2016,42,0,0,0,23,19
2016,P,13/10/2016,42,0,0,0,14,13
2016,A,19/10/2016,43,1,1,2,15,6
2016,A,19/10/2016,43,3,3,6,103,18
2016,A,19/10/2016,43,19,12,31,382,37
2016,A,19/10/2016,43,13,7,20,46,4
2016,A,19/10/2016,43,42,11,53,114,10
2016,B,17/10/2016,43,0,1,1,46,3
2016,B,17/10/2016,43,0,0,0,23,5
2016,B,17/10/2016,43,0,0,0,90,33
2016,D,17/10/2016,43,1,2,3,41,4
2016,D,17/10/2016,43,11,15,26,57,1
2016,D,17/10/2016,43,33,27,60,77,0
2016,E,19/10/2016,43,0,0,0,24,24
2016,E,19/10/2016,43,0,0,0,39,39
2016,G,21/10/2016,43,0,1,1,2,0
2016,G,21/10/2016,43,2,1,3,13,5
2016,G,21/10/2016,43,0,0,0,40,27
2016,G,21/10/2016,43,2,1,3,110,88
2016,K,18/10/2016,43,0,0,0,2,2
2016,K,18/10/2016,43,0,1,1,56,32
2016,K,18/10/2016,43,0,0,0,62,35
2016,O,19/10/2016,43,0,0,0,9,3
2016,O,19/10/2016,43,0,0,0,3,0
2016,P,20/10/2016,43,0,0,0,15,4
2016,P,20/10/2016,43,0,0,0,16,6
2016,Y,17/10/2016,43,0,0,0,2,0
2016,Y,17/10/2016,43,1,0,1,13,0
2016,Y,17/10/2016,43,0,0,0,0,0
2016,R,17/10/2016,43,1,0,1,281,246
2016,R,17/10/2016,43,4,1,5,187,109
2016,A,26/10/2016,44,0,0,0,31,10
2016,A,26/10/2016,44,13,13,26,345,40
2016,A,26/10/2016,44,7,2,9,203,21
2016,A,26/10/2016,44,10,5,15,137,13
2016,A,26/10/2016,44,13,6,19,74,7
2016,D,24/10/2016,44,1,3,4,22,2
2016,D,24/10/2016,44,0,2,2,15,1
2016,D,24/10/2016,44,3,5,8,26,1
2016,K,25/10/2016,44,0,0,0,5,2
2016,K,25/10/2016,44,2,0,2,49,23
2016,K,25/10/2016,44,1,1,2,64,14
2016,N,25/10/2016,44,0,0,0,50,2
2016,O,26/10/2016,44,0,0,0,24,13
2016,O,26/10/2016,44,0,0,0,32,8
2016,P,27/10/2016,44,0,0,0,16,11
2016,P,27/10/2016,44,0,0,0,17,8
2016,Y,24/10/2016,44,0,0,0,18,0
2016,Y,24/10/2016,44,1,1,2,10,1
2016,Y,24/10/2016,44,0,0,0,3,0
2016,R,24/10/2016,44,0,0,0,64,31
2016,R,24/10/2016,44,1,5,6,86,34
2016,A,02/11/2016,45,2,0,2,11,3
2016,A,02/11/2016,45,3,2,5,42,6
2016,A,02/11/2016,45,13,7,20,274,53
2016,A,02/11/2016,45,3,3,6,38,8
2016,A,02/11/2016,45,14,4,18,62,11
2016,D,02/11/2016,45,0,1,1,28,0
2016,D,02/11/2016,45,5,5,10,31,2
2016,D,02/11/2016,45,6,12,18,66,10
2016,G,02/11/2016,45,0,0,0,1,0
2016,G,02/11/2016,45,0,3,3,4,0
2016,G,02/11/2016,45,3,2,5,34,25
2016,G,02/11/2016,45,3,2,5,49,40
2016,K,01/11/2016,45,0,0,0,17,14
2016,K,01/11/2016,45,1,3,4,75,45
2016,K,01/11/2016,45,0,0,0,61,38
2016,K,01/11/2016,45,0,0,0,15,8
2016,O,02/11/2016,45,0,0,0,11,5
2016,O,02/11/2016,45,0,0,0,18,8
2016,P,03/11/2016,45,1,0,1,13,2
2016,P,03/11/2016,45,0,0,0,17,6
2016,R,02/11/2016,45,0,0,0,33,23
2016,R,02/11/2016,45,0,0,0,120,79
2016,A,09/11/2016,46,1,0,1,15,2
2016,A,09/11/2016,46,8,0,8,46,1
2016,A,09/11/2016,46,6,2,8,160,13
2016,A,09/11/2016,46,0,0,0,13,3
2016,A,09/11/2016,46,3,0,3,15,3
2016,D,08/11/2016,46,2,3,5,48,1
2016,D,08/11/2016,46,0,3,3,12,0
2016,D,08/11/2016,46,2,6,8,50,2
2016,G,10/11/2016,46,2,0,2,5,0
2016,G,10/11/2016,46,0,0,0,5,3
2016,G,10/11/2016,46,0,0,0,9,1
2016,G,10/11/2016,46,3,1,4,9,2
2016,K,08/11/2016,46,0,1,1,28,16
2016,K,08/11/2016,46,0,1,1,21,12
2016,K,08/11/2016,46,0,0,0,17,11
2016,K,08/11/2016,46,0,0,0,4,0
2016,N,10/11/2016,46,0,0,0,37,2
2016,N,10/11/2016,46,1,0,1,24,1
2016,O,10/11/2016,46,0,0,0,3,1
2016,O,10/11/2016,46,0,0,0,1,0
2016,A,16/11/2016,47,0,1,1,7,2
2016,A,16/11/2016,47,0,0,0,9,2
2016,A,16/11/2016,47,7,6,13,87,5
2016,A,16/11/2016,47,14,9,23,242,8
2016,A,16/11/2016,47,0,1,1,7,2
2016,A,16/11/2016,47,0,1,1,19,1
2016,D,16/11/2016,47,0,3,3,19,0
2016,D,16/11/2016,47,4,6,10,16,2
2016,D,16/11/2016,47,3,4,7,25,1
2016,G,17/11/2016,47,1,0,1,5,1
2016,G,17/11/2016,47,0,0,0,3,0
2016,G,17/11/2016,47,0,0,0,5,3
2016,G,17/11/2016,47,0,0,0,3,1
2016,K,16/11/2016,47,0,0,0,3,3
2016,K,16/11/2016,47,3,3,6,44,16
2016,K,16/11/2016,47,0,0,0,39,22
2016,K,16/11/2016,47,0,0,0,0,0
2016,O,17/11/2016,47,0,0,0,8,4
2016,O,17/11/2016,47,0,0,0,3,0
2016,R,15/11/2016,47,0,0,0,19,14
2016,R,15/11/2016,47,5,10,15,56,16
2016,A,23/11/2016,48,0,0,0,2,0
2016,A,23/11/2016,48,0,0,0,6,5
2016,A,23/11/2016,48,1,1,2,24,5
2016,A,23/11/2016,48,1,0,1,53,1
2016,A,23/11/2016,48,1,0,1,3,0
2016,A,23/11/2016,48,0,0,0,1,0
2016,D,24/11/2016,48,0,0,0,3,0
2016,D,24/11/2016,48,4,5,9,6,0
2016,D,24/11/2016,48,5,3,8,19,8
2016,G,25/11/2016,48,0,0,0,0,0
2016,G,25/11/2016,48,0,0,0,0,0
2016,G,25/11/2016,48,0,0,0,0,0
2016,G,25/11/2016,48,0,0,0,0,0
2016,O,23/11/2016,48,0,0,0,0,0
2016,O,23/11/2016,48,0,0,0,2,1
2016,P,24/11/2016,48,0,0,0,16,10
2016,P,24/11/2016,48,1,0,1,12,2
2016,A,30/11/2016,49,0,0,0,0,0
2016,A,30/11/2016,49,2,0,2,8,2
2016,A,30/11/2016,49,3,3,6,49,0
2016,A,30/11/2016,49,2,2,4,126,0
2016,A,30/11/2016,49,1,0,1,11,0
2016,A,30/11/2016,49,1,0,1,30,0
2016,G,01/12/2016,49,1,0,1,7,0
2016,K,29/11/2016,49,0,1,1,7,2
2016,K,29/11/2016,49,0,0,0,6,4
2016,K,29/11/2016,49,0,0,0,1,1
2016,K,29/11/2016,49,0,0,0,17,0
2016,P,01/12/2016,49,0,1,1,25,1
2016,P,01/12/2016,49,0,1,1,11,0
2016,M,01/12/2016,49,0,0,0,36,8
2016,M,01/12/2016,49,0,0,0,8,0
2016,M,01/12/2016,49,0,0,0,4,3
2017,X,10/04/2017,15,0,0,0,3,3
2017,A,19/04/2017,16,1,2,3,200,1
2017,A,19/04/2017,16,1,2,3,110,0
2017,A,19/04/2017,16,0,0,0,42,0
2017,A,19/04/2017,16,0,0,0,63,0
2017,A,19/04/2017,16,0,0,0,41,0
2017,A,19/04/2017,16,0,0,0,83,0
2017,A,19/04/2017,16,0,0,0,65,0
2017,A,19/04/2017,16,0,1,1,31,1
2017,A,19/04/2017,16,0,0,0,63,0
2017,Z,19/04/2017,16,0,0,0,11,0
2017,K,18/04/2017,16,1,2,3,18,0
2017,K,18/04/2017,16,0,0,0,7,2
2017,K,18/04/2017,16,0,2,2,8,0
2017,K,18/04/2017,16,0,0,0,18,0
2017,X,18/04/2017,16,0,0,0,0,0
2017,A,26/04/2017,17,2,2,4,261,1
2017,A,26/04/2017,17,14,15,29,447,1
2017,A,26/04/2017,17,0,0,0,81,0
2017,A,26/04/2017,17,0,0,0,69,0
2017,A,26/04/2017,17,0,0,0,130,0
2017,A,26/04/2017,17,0,0,0,89,1
2017,A,26/04/2017,17,0,1,1,7,0
2017,A,26/04/2017,17,0,2,2,30,0
2017,A,26/04/2017,17,0,0,0,34,0
2017,A,26/04/2017,17,0,0,0,5,0
2017,A,26/04/2017,17,0,0,0,6,0
2017,Z,26/04/2017,17,0,0,0,0,0
2017,K,25/04/2017,17,4,3,7,18,0
2017,K,25/04/2017,17,1,0,1,70,1
2017,K,25/04/2017,17,0,0,0,19,0
2017,K,25/04/2017,17,0,0,0,11,0
2017,A,03/05/2017,18,0,2,2,596,1
2017,A,03/05/2017,18,2,2,4,310,0
2017,A,03/05/2017,18,0,0,0,26,0
2017,A,03/05/2017,18,0,1,1,24,0
2017,A,03/05/2017,18,0,0,0,43,0
2017,A,03/05/2017,18,1,1,2,83,1
2017,A,03/05/2017,18,1,0,1,88,0
2017,A,03/05/2017,18,0,0,0,41,0
2017,A,03/05/2017,18,0,0,0,66,0
2017,A,03/05/2017,18,0,0,0,62,0
2017,Z,03/05/2017,18,0,0,0,0,0
2017,K,02/05/2017,18,0,2,2,41,1
2017,K,02/05/2017,18,0,0,0,31,0
2017,K,02/05/2017,18,0,0,0,18,0
2017,K,02/05/2017,18,0,0,0,16,0
2017,H,05/05/2017,18,0,0,0,5,0
2017,H,05/05/2017,18,0,1,1,122,2
2017,H,05/05/2017,18,0,0,0,17,0
2017,A,09/05/2017,19,6,9,15,302,4
2017,A,09/05/2017,19,2,6,8,658,1
2017,A,09/05/2017,19,0,0,0,2,0
2017,A,09/05/2017,19,0,0,0,24,0
2017,A,09/05/2017,19,0,0,0,0,0
2017,A,09/05/2017,19,0,1,1,15,0
2017,A,09/05/2017,19,0,1,1,91,0
2017,A,09/05/2017,19,0,0,0,76,1
2017,A,09/05/2017,19,0,2,2,41,0
2017,A,09/05/2017,19,1,0,1,38,0
2017,A,09/05/2017,19,0,1,1,128,0
2017,Z,09/05/2017,19,0,0,0,0,0
2017,E,11/05/2017,19,0,0,0,7,2
2017,E,11/05/2017,19,0,0,0,4,0
2017,X,12/05/2017,19,0,0,0,12,12
2017,X,08/05/2017,19,1,0,1,8,7
2017,H,08/05/2017,19,0,0,0,6,1
2017,H,08/05/2017,19,1,0,1,307,36
2017,H,08/05/2017,19,5,0,5,66,11
2017,A,17/05/2017,20,1,6,7,846,10
2017,A,17/05/2017,20,2,5,7,403,15
2017,A,17/05/2017,20,0,3,3,94,0
2017,A,17/05/2017,20,0,0,0,17,0
2017,A,17/05/2017,20,0,4,4,168,0
2017,A,17/05/2017,20,0,1,1,105,0
2017,A,17/05/2017,20,1,1,2,89,0
2017,A,17/05/2017,20,0,1,1,55,0
2017,A,17/05/2017,20,0,0,0,45,0
2017,A,17/05/2017,20,0,2,2,42,1
2017,A,17/05/2017,20,0,1,1,109,0
2017,D,17/05/2017,20,0,3,3,8,0
2017,D,17/05/2017,20,0,0,0,3,0
2017,D,17/05/2017,20,0,0,0,9,0
2017,E,18/05/2017,20,0,0,0,1,0
2017,E,18/05/2017,20,0,0,0,1,0
2017,G,17/05/2017,20,0,0,0,14,0
2017,G,17/05/2017,20,1,0,1,30,0
2017,G,17/05/2017,20,0,1,1,11,0
2017,G,17/05/2017,20,0,0,0,27,1
2017,K,16/05/2017,20,1,0,1,121,1
2017,K,16/05/2017,20,0,0,0,20,0
2017,K,16/05/2017,20,0,0,0,18,0
2017,K,16/05/2017,20,0,0,0,1,0
2017,X,15/05/2017,20,0,1,1,7,6
2017,H,15/05/2017,20,0,1,1,44,1
2017,H,15/05/2017,20,0,0,0,377,24
2017,H,15/05/2017,20,0,0,0,73,2
2017,A,24/05/2017,21,3,5,8,690,11
2017,A,24/05/2017,21,2,6,8,435,6
2017,A,24/05/2017,21,0,0,0,57,0
2017,A,24/05/2017,21,1,5,6,105,0
2017,A,24/05/2017,21,0,0,0,114,0
2017,A,24/05/2017,21,2,0,2,43,0
2017,A,24/05/2017,21,5,4,9,112,0
2017,A,24/05/2017,21,0,1,1,46,0
2017,A,24/05/2017,21,0,0,0,41,0
2017,A,24/05/2017,21,0,0,0,15,0
2017,A,24/05/2017,21,0,0,0,119,1
2017,Z,23/05/2017,21,0,0,0,0,0
2017,D,25/05/2017,21,1,0,1,4,2
2017,D,25/05/2017,21,0,0,0,6,0
2017,D,25/05/2017,21,0,0,0,5,0
2017,K,24/05/2017,21,0,0,0,14,0
2017,K,24/05/2017,21,0,0,0,79,0
2017,K,24/05/2017,21,0,0,0,53,0
2017,K,24/05/2017,21,0,0,0,31,0
2017,X,22/05/2017,21,0,6,6,27,21
2017,H,22/05/2017,21,0,0,0,30,0
2017,H,22/05/2017,21,0,0,0,36,1
2017,H,22/05/2017,21,0,0,0,138,5
2017,A,31/05/2017,22,2,9,11,1083,38
2017,A,31/05/2017,22,2,0,2,254,8
2017,A,31/05/2017,22,0,1,1,44,0
2017,A,31/05/2017,22,1,1,2,131,0
2017,A,31/05/2017,22,0,2,2,77,0
2017,A,31/05/2017,22,0,0,0,46,0
2017,A,31/05/2017,22,1,1,2,26,0
2017,A,31/05/2017,22,0,1,1,19,0
2017,A,31/05/2017,22,0,0,0,11,0
2017,A,31/05/2017,22,0,0,0,37,0
2017,A,31/05/2017,22,0,0,0,206,0
2017,Z,31/05/2017,22,37,19,56,33,2
2017,E,29/05/2017,22,0,0,0,4,0
2017,E,29/05/2017,22,0,0,0,12,0
2017,G,02/06/2017,22,0,0,0,18,0
2017,G,02/06/2017,22,0,0,0,22,0
2017,G,02/06/2017,22,0,0,0,7,0
2017,G,02/06/2017,22,0,0,0,23,1
2017,X,29/05/2017,22,0,0,0,3,3
2017,H,30/05/2017,22,0,1,1,33,1
2017,H,30/05/2017,22,0,0,0,17,2
2017,H,30/05/2017,22,0,0,0,180,5
2017,A,07/06/2017,23,1,4,5,297,29
2017,A,07/06/2017,23,2,5,7,1259,145
2017,A,07/06/2017,23,0,0,0,73,0
2017,A,07/06/2017,23,0,1,1,110,0
2017,A,07/06/2017,23,0,0,0,52,2
2017,D,04/06/2017,23,0,0,0,0,0
2017,D,04/06/2017,23,0,0,0,5,0
2017,D,04/06/2017,23,0,0,0,4,0
2017,E,07/06/2017,23,0,0,0,56,0
2017,E,07/06/2017,23,0,0,0,2,1
2017,G,08/06/2017,23,0,0,0,27,0
2017,G,08/06/2017,23,0,0,0,50,0
2017,J,08/06/2017,23,0,0,0,232,6
2017,J,08/06/2017,23,0,0,0,205,8
2017,J,08/06/2017,23,0,0,0,102,1
2017,K,08/06/2017,23,0,0,0,46,1
2017,K,08/06/2017,23,0,0,0,84,0
2017,K,08/06/2017,23,0,1,1,57,0
2017,K,08/06/2017,23,0,0,0,32,0
2017,X,06/06/2017,23,0,0,0,3,3
2017,H,06/06/2017,23,1,0,1,39,1
2017,H,06/06/2017,23,0,0,0,109,0
2017,H,06/06/2017,23,1,1,2,75,2
2017,A,14/06/2017,24,0,2,2,833,82
2017,A,14/06/2017,24,2,11,13,525,27
2017,A,14/06/2017,24,0,0,0,93,1
2017,A,14/06/2017,24,0,0,0,185,1
2017,A,14/06/2017,24,0,1,1,60,0
2017,A,14/06/2017,24,0,0,0,133,0
2017,A,14/06/2017,24,1,0,1,159,0
2017,A,14/06/2017,24,1,0,1,93,3
2017,A,14/06/2017,24,0,0,0,43,0
2017,A,14/06/2017,24,0,0,0,6,0
2017,A,14/06/2017,24,0,0,0,166,2
2017,C,14/06/2017,24,0,0,0,14,6
2017,C,14/06/2017,24,0,0,0,5,2
2017,C,14/06/2017,24,0,0,0,15,7
2017,B,13/06/2017,24,0,1,1,7,0
2017,B,13/06/2017,24,0,0,0,14,0
2017,B,13/06/2017,24,0,0,0,35,16
2017,D,13/06/2017,24,0,0,0,14,2
2017,D,13/06/2017,24,0,0,0,3,1
2017,D,13/06/2017,24,0,1,1,13,1
2017,E,13/06/2017,24,0,0,0,6,0
2017,E,13/06/2017,24,0,0,0,8,0
2017,G,15/06/2017,24,0,0,0,42,1
2017,G,15/06/2017,24,0,0,0,50,8
2017,G,15/06/2017,24,0,0,0,20,1
2017,G,15/06/2017,24,0,0,0,7,0
2017,J,14/06/2017,24,0,0,0,125,0
2017,J,14/06/2017,24,0,0,0,176,1
2017,J,14/06/2017,24,0,0,0,116,0
2017,K,14/06/2017,24,0,0,0,19,0
2017,K,14/06/2017,24,0,0,0,20,0
2017,K,14/06/2017,24,0,0,0,39,1
2017,M,?/06/2017,24,0,0,0,53,3
2017,M,?/06/2017,24,0,0,0,54,1
2017,H,16/06/2017,24,0,0,0,41,1
2017,H,16/06/2017,24,0,0,0,40,4
2017,H,16/06/2017,24,0,0,0,26,1
2017,A,21/06/2017,25,5,8,13,884,61
2017,A,21/06/2017,25,3,0,3,1970,138
2017,A,21/06/2017,25,0,0,0,76,2
2017,A,21/06/2017,25,0,0,0,77,2
2017,A,21/06/2017,25,0,0,0,33,0
2017,A,21/06/2017,25,0,0,0,101,1
2017,A,21/06/2017,25,0,0,0,181,2
2017,A,21/06/2017,25,0,0,0,58,0
2017,A,21/06/2017,25,0,0,0,37,0
2017,A,21/06/2017,25,0,0,0,15,0
2017,A,21/06/2017,25,0,0,0,143,1
2017,Z,19/06/2017,25,0,0,0,1,0
2017,Z,19/06/2017,25,2,0,2,143,4
2017,C,23/06/2017,25,0,0,0,5,0
2017,C,23/06/2017,25,0,0,0,36,8
2017,C,23/06/2017,25,0,0,0,13,2
2017,B,22/06/2017,25,0,0,0,13,1
2017,B,22/06/2017,25,0,0,0,5,4
2017,B,22/06/2017,25,0,0,0,37,29
2017,D,19/06/2017,25,0,0,0,6,0
2017,D,19/06/2017,25,0,0,0,2,0
2017,D,19/06/2017,25,0,1,1,22,2
2017,E,21/06/2017,25,0,0,0,5,0
2017,E,21/06/2017,25,0,0,0,55,1
2017,G,23/06/2017,25,0,0,0,5,1
2017,G,23/06/2017,25,0,0,0,27,1
2017,G,23/06/2017,25,0,0,0,23,0
2017,G,23/06/2017,25,1,0,1,29,0
2017,J,19/06/2017,25,0,0,0,87,0
2017,J,19/06/2017,25,0,0,0,42,0
2017,J,19/06/2017,25,0,0,0,77,0
2017,K,20/06/2017,25,0,0,0,39,0
2017,K,20/06/2017,25,0,0,0,0,0
2017,K,20/06/2017,25,0,0,0,14,0
2017,K,20/06/2017,25,0,0,0,16,0
2017,X,19/06/2017,25,0,0,0,3,3
2017,M,22/06/2017,25,0,0,0,13,0
2017,M,22/06/2017,25,0,0,0,22,0
2017,M,22/06/2017,25,0,0,0,82,2
2017,H,22/06/2017,25,0,1,1,44,4
2017,H,22/06/2017,25,0,0,0,24,2
2017,H,22/06/2017,25,0,0,0,3,1
2017,A,28/06/2017,26,15,2,17,1067,92
2017,A,28/06/2017,26,0,9,9,327,16
2017,A,28/06/2017,26,0,0,0,40,1
2017,A,28/06/2017,26,1,0,1,77,3
2017,A,28/06/2017,26,0,0,0,34,0
2017,A,28/06/2017,26,0,0,0,19,0
2017,A,28/06/2017,26,2,2,4,92,1
2017,A,28/06/2017,26,0,0,0,15,1
2017,A,28/06/2017,26,0,0,0,46,0
2017,A,28/06/2017,26,1,0,1,15,0
2017,A,28/06/2017,26,0,0,0,152,4
2017,B,28/06/2017,26,0,0,0,4,1
2017,B,28/06/2017,26,0,0,0,28,5
2017,B,28/06/2017,26,0,0,0,13,8
2017,D,27/06/2017,26,0,0,0,6,3
2017,D,27/06/2017,26,0,0,0,13,1
2017,D,27/06/2017,26,0,0,0,18,4
2017,E,27/06/2017,26,0,0,0,6,2
2017,E,27/06/2017,26,0,1,1,63,3
2017,J,28/06/2017,26,0,0,0,184,5
2017,J,28/06/2017,26,0,0,0,123,5
2017,J,28/06/2017,26,1,0,1,117,3
2017,K,27/06/2017,26,0,0,0,87,2
2017,K,27/06/2017,26,0,1,1,58,1
2017,K,27/06/2017,26,0,0,0,26,0
2017,K,27/06/2017,26,0,0,0,2,0
2017,X,26/06/2017,26,4,1,5,71,66
2017,M,28/06/2017,26,0,0,0,50,1
2017,M,28/06/2017,26,0,0,0,110,3
2017,M,28/06/2017,26,0,0,0,198,7
2017,H,28/06/2017,26,0,0,0,121,45
2017,H,28/06/2017,26,0,0,0,420,76
2017,H,28/06/2017,26,0,0,0,25,7
2017,A,05/07/2017,27,5,5,10,473,23
2017,A,05/07/2017,27,2,5,7,353,17
2017,A,05/07/2017,27,0,0,0,89,0
2017,A,05/07/2017,27,1,1,2,73,1
2017,A,05/07/2017,27,0,0,0,4,0
2017,A,05/07/2017,27,0,0,0,22,0
2017,A,05/07/2017,27,0,0,0,103,5
2017,A,05/07/2017,27,0,1,1,34,1
2017,A,05/07/2017,27,0,0,0,37,0
2017,A,05/07/2017,27,0,0,0,12,0
2017,A,05/07/2017,27,0,0,0,106,0
2017,Z,07/07/2017,27,0,0,0,0,0
2017,Z,07/07/2017,27,0,0,0,106,1
2017,B,06/07/2017,27,0,0,0,3,0
2017,B,06/07/2017,27,0,0,0,1,0
2017,B,06/07/2017,27,0,0,0,2,1
2017,D,04/07/2017,27,0,1,1,13,1
2017,D,04/07/2017,27,0,0,0,20,1
2017,D,04/07/2017,27,0,0,0,25,0
2017,E,05/07/2017,27,0,0,0,1,0
2017,E,05/07/2017,27,0,0,0,42,2
2017,G,03/07/2017,27,0,1,1,131,2
2017,G,03/07/2017,27,0,0,0,4,2
2017,G,03/07/2017,27,0,0,0,78,2
2017,G,03/07/2017,27,0,1,1,91,0
2017,J,05/07/2017,27,0,0,0,99,1
2017,J,05/07/2017,27,0,0,0,64,2
2017,J,05/07/2017,27,4,1,5,140,1
2017,K,04/07/2017,27,0,0,0,30,1
2017,K,04/07/2017,27,0,0,0,30,1
2017,K,04/07/2017,27,0,0,0,52,2
2017,K,04/07/2017,27,0,0,0,52,2
2017,K,04/07/2017,27,0,0,0,5,0
2017,K,04/07/2017,27,0,0,0,5,0
2017,X,03/07/2017,27,1,2,3,8,5
2017,M,05/07/2017,27,0,0,0,24,0
2017,M,05/07/2017,27,0,0,0,106,7
2017,M,05/07/2017,27,0,0,0,246,32
2017,H,05/07/2017,27,0,0,0,30,7
2017,H,05/07/2017,27,0,0,0,527,65
2017,H,05/07/2017,27,0,0,0,34,6
2017,A,12/07/2017,28,5,0,5,397,10
2017,A,12/07/2017,28,0,0,0,68,5
2017,A,12/07/2017,28,0,0,0,81,0
2017,A,12/07/2017,28,1,0,1,43,2
2017,A,12/07/2017,28,0,0,0,8,0
2017,A,12/07/2017,28,0,0,0,25,0
2017,A,12/07/2017,28,2,0,2,90,1
2017,A,12/07/2017,28,0,0,0,21,3
2017,A,12/07/2017,28,0,0,0,29,0
2017,A,12/07/2017,28,0,0,0,8,0
2017,A,12/07/2017,28,0,0,0,41,0
2017,C,13/07/2017,28,0,0,0,13,3
2017,C,13/07/2017,28,0,0,0,108,34
2017,C,13/07/2017,28,0,0,0,21,4
2017,B,11/07/2017,28,0,0,0,2,0
2017,B,11/07/2017,28,0,0,0,4,0
2017,B,11/07/2017,28,0,0,0,33,14
2017,D,11/07/2017,28,0,0,0,9,3
2017,D,11/07/2017,28,0,0,0,12,5
2017,D,11/07/2017,28,0,1,1,40,0
2017,E,12/07/2017,28,0,0,0,1,0
2017,E,12/07/2017,28,0,0,0,6,3
2017,G,11/07/2017,28,18,13,31,388,2
2017,G,11/07/2017,28,0,2,2,77,46
2017,G,11/07/2017,28,46,16,62,355,2
2017,G,11/07/2017,28,2,10,12,433,0
2017,J,11/07/2017,28,1,0,1,40,3
2017,J,11/07/2017,28,1,1,2,17,1
2017,J,11/07/2017,28,5,0,5,256,4
2017,K,11/07/2017,28,0,1,1,71,4
2017,K,11/07/2017,28,0,0,0,59,2
2017,K,11/07/2017,28,0,0,0,11,2
2017,K,11/07/2017,28,0,0,0,16,0
2017,X,10/07/2017,28,11,0,11,26,15
2017,M,13/07/2017,28,1,1,2,64,3
2017,M,13/07/2017,28,0,0,0,197,5
2017,M,13/07/2017,28,0,0,0,90,6
2017,H,11/07/2017,28,0,0,0,18,9
2017,H,11/07/2017,28,0,0,0,292,36
2017,H,11/07/2017,28,0,0,0,13,4
2017,A,19/07/2017,29,12,4,16,1100,53
2017,A,19/07/2017,29,2,3,5,318,28
2017,A,19/07/2017,29,0,0,0,55,1
2017,A,19/07/2017,29,2,0,2,45,0
2017,A,19/07/2017,29,2,0,2,42,4
2017,A,19/07/2017,29,0,0,0,11,1
2017,A,19/07/2017,29,0,0,0,83,1
2017,A,19/07/2017,29,0,0,0,37,4
2017,A,19/07/2017,29,1,0,1,88,0
2017,A,19/07/2017,29,0,0,0,50,0
2017,A,19/07/2017,29,2,1,3,154,1
2017,Z,20/07/2017,29,0,0,0,0,0
2017,Z,20/07/2017,29,4,2,6,119,3
2017,B,19/07/2017,29,1,0,1,9,1
2017,B,19/07/2017,29,0,0,0,5,0
2017,B,19/07/2017,29,0,0,0,1,0
2017,D,18/07/2017,29,0,0,0,12,2
2017,D,18/07/2017,29,0,1,1,8,2
2017,D,18/07/2017,29,0,0,0,24,3
2017,E,19/07/2017,29,0,0,0,5,0
2017,E,19/07/2017,29,0,0,0,66,60
2017,J,17/07/2017,29,0,2,2,18,0
2017,J,17/07/2017,29,0,0,0,17,3
2017,J,17/07/2017,29,0,0,0,7,0
2017,K,18/07/2017,29,0,0,0,53,1
2017,K,18/07/2017,29,4,1,5,55,1
2017,K,18/07/2017,29,0,0,0,45,0
2017,K,18/07/2017,29,0,0,0,17,2
2017,M,20/07/2017,29,1,1,2,63,8
2017,M,20/07/2017,29,0,0,0,175,6
2017,M,20/07/2017,29,0,0,0,130,12
2017,H,17/07/2017,29,0,0,0,4,1
2017,H,17/07/2017,29,0,0,0,71,20
2017,H,17/07/2017,29,0,1,1,16,5
2017,A,26/07/2017,30,12,4,16,587,30
2017,A,26/07/2017,30,3,3,6,112,12
2017,A,26/07/2017,30,0,0,0,10,0
2017,A,26/07/2017,30,0,0,0,27,1
2017,A,26/07/2017,30,0,0,0,25,2
2017,A,26/07/2017,30,1,0,1,30,0
2017,A,26/07/2017,30,0,0,0,49,0
2017,A,26/07/2017,30,0,0,0,23,3
2017,A,26/07/2017,30,2,1,3,59,0
2017,A,26/07/2017,30,0,1,1,58,0
2017,A,26/07/2017,30,2,0,2,105,2
2017,B,26/07/2017,30,0,0,0,11,0
2017,B,26/07/2017,30,0,0,0,27,1
2017,B,26/07/2017,30,0,0,0,4,0
2017,D,25/07/2017,30,1,1,2,21,5
2017,D,25/07/2017,30,5,2,7,90,18
2017,D,25/07/2017,30,0,1,1,49,2
2017,E,27/07/2017,30,2,1,3,1078,1002
2017,E,27/07/2017,30,5,0,5,147,49
2017,G,24/07/2017,30,0,0,0,61,3
2017,G,24/07/2017,30,24,5,29,849,4
2017,G,24/07/2017,30,6,1,7,554,0
2017,G,24/07/2017,30,15,4,19,505,11
2017,K,25/07/2017,30,2,0,2,32,1
2017,K,25/07/2017,30,0,0,0,5,0
2017,K,25/07/2017,30,0,0,0,25,0
2017,K,25/07/2017,30,0,0,0,11,2
2017,M,25/07/2017,30,0,0,0,43,4
2017,M,25/07/2017,30,2,1,3,122,6
2017,M,25/07/2017,30,0,0,0,100,9
2017,H,25/07/2017,30,0,0,0,3,2
2017,H,25/07/2017,30,0,1,1,170,34
2017,H,25/07/2017,30,4,1,5,31,7
2017,A,02/08/2017,31,6,4,10,455,34
2017,A,02/08/2017,31,8,7,15,272,19
2017,A,02/08/2017,31,0,0,0,22,1
2017,A,02/08/2017,31,0,2,2,149,9
2017,A,02/08/2017,31,0,0,0,5,0
2017,A,02/08/2017,31,0,0,0,9,0
2017,A,02/08/2017,31,2,0,2,55,1
2017,A,02/08/2017,31,4,0,4,78,7
2017,A,02/08/2017,31,6,1,7,53,1
2017,A,02/08/2017,31,1,0,1,28,2
2017,A,02/08/2017,31,2,2,4,135,4
2017,Z,02/08/2017,31,0,0,0,0,0
2017,Z,02/08/2017,31,3,5,8,40,0
2017,B,03/08/2017,31,0,0,0,13,0
2017,B,03/08/2017,31,0,0,0,10,1
2017,B,03/08/2017,31,0,0,0,59,2
2017,D,02/08/2017,31,1,0,1,12,0
2017,D,02/08/2017,31,2,1,3,23,3
2017,D,02/08/2017,31,1,0,1,17,1
2017,E,02/08/2017,31,0,0,0,92,44
2017,E,02/08/2017,31,1,0,1,395,25
2017,J,31/07/2017,31,0,4,4,60,5
2017,J,31/07/2017,31,1,0,1,59,13
2017,J,31/07/2017,31,12,25,37,127,0
2017,K,01/08/2017,31,0,1,1,57,0
2017,K,01/08/2017,31,2,0,2,33,1
2017,K,01/08/2017,31,0,1,1,34,1
2017,K,01/08/2017,31,0,0,0,16,0
2017,H,07/07/2017,31,0,0,0,34,1
2017,H,07/07/2017,31,0,0,0,182,77
2017,H,07/07/2017,31,0,0,0,62,2
2017,A,09/08/2017,32,11,2,13,1275,48
2017,A,09/08/2017,32,9,3,12,158,12
2017,A,09/08/2017,32,1,1,2,36,4
2017,A,09/08/2017,32,7,4,11,119,24
2017,A,09/08/2017,32,0,1,1,11,1
2017,A,09/08/2017,32,1,1,2,27,1
2017,A,09/08/2017,32,5,2,7,121,2
2017,A,09/08/2017,32,2,0,2,38,14
2017,A,09/08/2017,32,35,17,52,130,3
2017,A,09/08/2017,32,26,4,30,199,5
2017,A,09/08/2017,32,14,5,19,227,29
2017,G,10/08/2017,32,54,17,71,461,1
2017,G,10/08/2017,32,17,2,19,177,3
2017,G,10/08/2017,32,40,11,51,459,0
2017,G,10/08/2017,32,73,9,82,374,1
2017,J,09/08/2017,32,63,87,150,360,1
2017,J,09/08/2017,32,2,2,4,63,2
2017,J,09/08/2017,32,11,5,16,79,3
2017,K,08/08/2017,32,6,6,12,107,7
2017,K,08/08/2017,32,6,6,12,118,2
2017,K,08/08/2017,32,0,1,1,37,3
2017,K,08/08/2017,32,0,0,0,26,1
2017,H,12/08/2017,32,0,0,0,14,7
2017,H,12/08/2017,32,0,0,0,61,9
2017,H,12/08/2017,32,1,0,1,22,2
2017,A,16/08/2017,33,6,4,10,550,12
2017,A,16/08/2017,33,20,8,28,287,14
2017,A,16/08/2017,33,0,1,1,100,3
2017,A,16/08/2017,33,4,3,7,96,12
2017,A,16/08/2017,33,0,0,0,6,0
2017,A,16/08/2017,33,12,10,22,86,5
2017,A,16/08/2017,33,7,2,9,123,9
2017,A,16/08/2017,33,17,6,23,71,4
2017,A,16/08/2017,33,6,5,11,25,3
2017,A,16/08/2017,33,40,10,50,334,9
2017,A,16/08/2017,33,27,8,35,338,28
2017,Z,16/08/2017,33,0,0,0,6,1
2017,Z,16/08/2017,33,5,3,8,45,1
2017,D,17/08/2017,33,0,1,1,22,6
2017,D,17/08/2017,33,3,1,4,39,8
2017,D,17/08/2017,33,1,0,1,44,3
2017,E,14/08/2017,33,0,0,0,209,165
2017,E,14/08/2017,33,3,2,5,510,206
2017,G,16/08/2017,33,43,11,54,198,0
2017,G,16/08/2017,33,8,2,10,96,1
2017,G,16/08/2017,33,32,15,47,155,1
2017,G,16/08/2017,33,42,11,53,115,0
2017,J,14/08/2017,33,88,38,126,329,7
2017,J,14/08/2017,33,9,5,14,129,0
2017,J,14/08/2017,33,3,3,6,56,0
2017,K,15/08/2017,33,9,12,21,33,12
2017,K,15/08/2017,33,5,5,10,55,25
2017,K,15/08/2017,33,1,1,2,24,2
2017,K,15/08/2017,33,0,0,0,44,2
2017,X,14/08/2017,33,0,1,1,10,9
2017,M,?/07/2017,33,0,0,0,18,2
2017,M,?/07/2017,33,2,7,9,194,9
2017,M,?/07/2017,33,1,0,1,60,6
2017,H,14/08/2017,33,0,0,0,60,6
2017,H,14/08/2017,33,1,0,1,453,146
2017,H,14/08/2017,33,1,0,1,75,7
2017,A,23/08/2017,34,12,10,22,511,31
2017,A,23/08/2017,34,9,1,10,295,46
2017,A,23/08/2017,34,2,0,2,27,1
2017,A,23/08/2017,34,2,1,3,150,5
2017,A,23/08/2017,34,0,1,1,11,0
2017,A,23/08/2017,34,9,8,18,59,6
2017,A,23/08/2017,34,8,4,12,109,5
2017,A,23/08/2017,34,0,0,0,18,1
2017,A,23/08/2017,34,39,19,58,169,16
2017,A,23/08/2017,34,32,13,45,213,3
2017,A,23/08/2017,34,28,21,49,558,70
2017,Z,23/08/2017,34,0,0,0,4,0
2017,Z,23/08/2017,34,6,7,13,11,1
2017,B,23/08/2017,34,0,0,0,1,1
2017,B,23/08/2017,34,0,0,0,23,2
2017,B,23/08/2017,34,0,0,0,0,0
2017,E,23/08/2017,34,1,2,3,420,155
2017,E,23/08/2017,34,2,0,2,1361,1275
2017,J,24/08/2017,34,5,4,9,36,2
2017,J,24/08/2017,34,0,1,1,46,4
2017,J,24/08/2017,34,1,1,2,64,5
2017,X,22/08/2017,34,0,0,0,0,0
2017,M,21/08/2017,34,0,0,0,56,4
2017,M,21/08/2017,34,0,3,3,219,7
2017,M,21/08/2017,34,1,1,2,102,5
2017,H,21/08/2017,34,0,0,0,15,4
2017,H,21/08/2017,34,0,0,0,61,20
2017,H,21/08/2017,34,0,0,0,49,10
2017,A,30/08/2017,35,3,3,6,597,56
2017,A,30/08/2017,35,5,4,9,174,7
2017,A,30/08/2017,35,4,1,5,96,9
2017,A,30/08/2017,35,10,4,14,333,12
2017,A,30/08/2017,35,0,0,0,8,0
2017,A,30/08/2017,35,18,6,24,69,14
2017,A,30/08/2017,35,10,3,13,256,7
2017,A,30/08/2017,35,2,1,3,151,124
2017,A,30/08/2017,35,17,11,28,116,7
2017,A,30/08/2017,35,19,8,27,208,5
2017,A,30/08/2017,35,21,13,34,387,50
2017,Z,01/09/2017,35,0,0,0,5,0
2017,Z,01/09/2017,35,16,23,39,35,3
2017,B,29/08/2017,35,1,1,2,28,4
2017,B,29/08/2017,35,1,1,2,3,0
2017,B,29/08/2017,35,0,0,0,51,4
2017,E,01/09/2017,35,2,0,2,1081,1029
2017,E,01/09/2017,35,0,2,2,80,39
2017,K,29/08/2017,35,5,6,11,13,3
2017,K,29/08/2017,35,10,4,14,17,8
2017,K,29/08/2017,35,1,1,2,26,3
2017,K,29/08/2017,35,0,0,0,13,0
2017,X,29/08/2017,35,14,9,23,38,15
2017,M,01/09/2017,35,2,2,4,101,8
2017,M,01/09/2017,35,6,2,8,114,2
2017,M,01/09/2017,35,0,2,2,63,3
2017,H,28/08/2017,35,0,0,0,15,3
2017,H,28/08/2017,35,0,0,0,25,8
2017,H,28/08/2017,35,0,0,0,21,1
2017,A,06/09/2017,36,3,5,8,464,59
2017,A,06/09/2017,36,5,2,7,94,25
2017,A,06/09/2017,36,2,0,2,57,5
2017,A,06/09/2017,36,0,2,2,41,11
2017,A,06/09/2017,36,0,3,3,17,0
2017,A,06/09/2017,36,5,5,10,7,0
2017,A,06/09/2017,36,43,33,76,172,8
2017,A,06/09/2017,36,0,0,0,3,0
2017,A,06/09/2017,36,10,4,14,78,0
2017,A,06/09/2017,36,10,3,13,115,13
2017,A,06/09/2017,36,50,34,84,220,26
2017,Z,07/09/2017,36,0,0,0,2,1
2017,Z,07/09/2017,36,9,15,24,32,0
2017,B,06/09/2017,36,1,0,1,63,4
2017,B,06/09/2017,36,2,0,2,27,2
2017,B,06/09/2017,36,0,1,1,41,5
2017,D,06/09/2017,36,0,1,1,59,43
2017,D,06/09/2017,36,0,4,4,52,19
2017,D,06/09/2017,36,1,2,3,23,4
2017,E,06/09/2017,36,0,0,0,37,34
2017,E,06/09/2017,36,1,0,1,23,17
2017,K,05/09/2017,36,3,0,3,3,1
2017,K,05/09/2017,36,5,0,5,14,2
2017,K,05/09/2017,36,1,0,1,18,0
2017,K,05/09/2017,36,0,0,0,2,0
2017,X,04/09/2017,36,2,1,3,8,5
2017,H,04/09/2017,36,0,1,1,13,4
2017,H,04/09/2017,36,1,0,1,105,24
2017,H,04/09/2017,36,0,0,0,44,7
2017,A,13/09/2017,37,15,10,25,574,39
2017,A,13/09/2017,37,28,17,45,257,8
2017,A,13/09/2017,37,2,1,3,54,9
2017,A,13/09/2017,37,7,6,13,92,6
2017,A,13/09/2017,37,0,0,0,0,0
2017,A,13/09/2017,37,31,40,71,282,10
2017,A,13/09/2017,37,90,129,219,303,13
2017,A,13/09/2017,37,0,5,5,16,0
2017,A,13/09/2017,37,8,7,15,33,0
2017,A,13/09/2017,37,10,10,20,78,4
2017,A,13/09/2017,37,47,37,84,75,4
2017,Z,13/09/2017,37,0,0,0,0,0
2017,Z,13/09/2017,37,1,4,5,10,1
2017,E,11/09/2017,37,0,0,0,24,23
2017,E,11/09/2017,37,1,2,3,89,80
2017,G,11/09/2017,37,125,108,233,118,1
2017,G,11/09/2017,37,249,132,381,104,2
2017,G,11/09/2017,37,207,110,317,79,1
2017,G,11/09/2017,37,242,154,396,47,0
2017,K,12/09/2017,37,1,1,2,21,7
2017,K,12/09/2017,37,3,1,4,27,4
2017,K,12/09/2017,37,1,1,2,44,8
2017,K,12/09/2017,37,0,0,0,3,0
2017,A,20/09/2017,38,6,18,24,608,47
2017,A,20/09/2017,38,18,18,36,247,7
2017,A,20/09/2017,38,1,2,3,14,0
2017,A,20/09/2017,38,5,9,14,39,2
2017,A,20/09/2017,38,0,0,0,2,0
2017,A,20/09/2017,38,41,35,76,44,2
2017,A,20/09/2017,38,256,251,507,348,5
2017,A,20/09/2017,38,27,11,38,11,0
2017,A,20/09/2017,38,8,13,21,44,1
2017,A,20/09/2017,38,14,2,16,41,3
2017,A,20/09/2017,38,67,51,118,160,3
2017,Z,20/09/2017,38,0,0,0,0,0
2017,Z,20/09/2017,38,11,11,22,26,0
2017,E,20/09/2017,38,0,0,0,40,40
2017,E,20/09/2017,38,0,0,0,19,16
2017,G,20/09/2017,38,18,28,46,11,1
2017,G,20/09/2017,38,40,36,76,10,3
2017,G,20/09/2017,38,3,7,10,2,0
2017,G,20/09/2017,38,2,4,6,1,0
2017,K,19/09/2017,38,2,1,3,33,8
2017,K,19/09/2017,38,1,1,2,10,1
2017,K,19/09/2017,38,0,0,0,29,5
2017,K,19/09/2017,38,0,1,1,31,2
2017,X,18/09/2017,38,2,5,7,9,2
2017,A,27/09/2017,39,3,4,7,137,11
2017,A,27/09/2017,39,8,10,18,71,8
2017,A,27/09/2017,39,1,0,1,4,1
2017,A,27/09/2017,39,25,12,37,30,4
2017,A,27/09/2017,39,10,9,19,1,0
2017,A,27/09/2017,39,15,14,29,48,3
2017,A,27/09/2017,39,253,194,447,104,3
2017,A,27/09/2017,39,26,21,47,17,3
2017,A,27/09/2017,39,43,15,58,32,1
2017,A,27/09/2017,39,36,10,46,25,6
2017,A,27/09/2017,39,88,40,128,128,25
2017,E,28/09/2017,39,1,0,1,7,4
2017,E,28/09/2017,39,1,0,1,58,45
2017,G,29/09/2017,39,15,8,23,1,0
2017,G,29/09/2017,39,18,13,31,5,0
2017,G,29/09/2017,39,24,21,45,24,2
2017,G,29/09/2017,39,29,28,57,13,1
2017,K,26/09/2017,39,0,4,4,64,18
2017,K,26/09/2017,39,1,2,3,17,2
2017,K,26/09/2017,39,5,4,9,118,37
2017,K,26/09/2017,39,0,0,0,2,0
2017,A,04/10/2017,40,67,29,96,57,12
2017,A,04/10/2017,40,40,22,62,16,3
2017,A,04/10/2017,40,1,1,2,2,0
2017,A,04/10/2017,40,11,9,20,6,0
2017,A,04/10/2017,40,5,10,15,4,0
2017,A,04/10/2017,40,8,16,24,2,1
2017,A,04/10/2017,40,126,72,198,44,4
2017,A,04/10/2017,40,0,1,1,0,0
2017,A,04/10/2017,40,61,28,89,12,2
2017,A,04/10/2017,40,38,21,59,9,0
2017,A,04/10/2017,40,23,24,48,19,3
2017,E,05/10/2017,40,0,1,1,3,3
2017,E,05/10/2017,40,1,0,1,21,17
2017,G,06/10/2017,40,24,18,42,4,1
2017,G,06/10/2017,40,15,15,30,21,0
2017,G,06/10/2017,40,14,16,30,14,0
2017,K,03/10/2017,40,2,0,2,8,2
2017,K,03/10/2017,40,0,0,0,5,0
2017,K,03/10/2017,40,0,0,0,3,2
2017,K,03/10/2017,40,0,0,0,1,0
2017,A,11/10/2017,41,20,9,29,113,5
2017,A,11/10/2017,41,11,24,35,51,4
2017,A,11/10/2017,41,2,6,8,8,3
2017,A,11/10/2017,41,16,25,41,12,2
2017,A,11/10/2017,41,6,3,9,0,0
2017,A,11/10/2017,41,31,38,69,2,1
2017,A,11/10/2017,41,186,156,342,65,1
2017,A,11/10/2017,41,83,59,142,59,4
2017,A,11/10/2017,41,18,8,26,6,1
2017,A,11/10/2017,41,18,11,29,7,1
2017,A,11/10/2017,41,62,51,113,22,4
2017,K,11/10/2017,41,1,1,2,11,6
2017,K,11/10/2017,41,5,5,10,105,52
2017,K,11/10/2017,41,13,4,17,57,8
2017,K,11/10/2017,41,1,0,1,12,1
2017,X,09/10/2017,41,10,1,11,17,6
2017,A,18/10/2017,42,82,40,122,168,26
2017,A,18/10/2017,42,18,13,31,33,4
2017,A,18/10/2017,42,21,8,29,19,10
2017,A,18/10/2017,42,47,45,92,35,21
2017,A,18/10/2017,42,44,35,79,28,14
2017,A,18/10/2017,42,23,24,47,4,0
2017,A,18/10/2017,42,149,79,228,47,0
2017,A,18/10/2017,42,168,125,293,29,0
2017,A,18/10/2017,42,28,18,46,13,0
2017,A,18/10/2017,42,58,23,81,16,5
2017,A,18/10/2017,42,27,15,42,9,4
2017,R,18/10/2017,42,53,39,92,66,43
2017,R,18/10/2017,42,8,9,17,43,15
2017,E,27/10/2017,43,0,0,0,7,5
2017,E,27/10/2017,43,0,1,1,23,23
2017,K,24/10/2017,43,1,3,4,9,4
2017,K,24/10/2017,43,2,0,2,6,6
2017,K,24/10/2017,43,1,0,1,51,46
2017,X,24/10/2017,43,14,4,18,28,10
2017,A,01/11/2017,44,65,32,97,155,20
2017,A,01/11/2017,44,107,71,178,119,7
2017,A,01/11/2017,44,9,5,14,32,17
2017,A,01/11/2017,44,29,32,61,104,84
2017,A,01/11/2017,44,2,2,4,7,3
2017,A,01/11/2017,44,78,66,144,68,23
2017,A,01/11/2017,44,251,167,418,46,6
2017,A,01/11/2017,44,4,2,6,13,11
2017,A,01/11/2017,44,46,19,65,41,10
2017,A,01/11/2017,44,19,15,34,60,4
2017,A,01/11/2017,44,130,80,210,209,72
2017,G,31/10/2017,44,41,49.5,90.5,5,2
2017,G,31/10/2017,44,19,16,35,4,1
2017,G,31/10/2017,44,7,4,11,2,0
2017,G,31/10/2017,44,6,8,14,6,0
2017,K,31/10/2017,44,3,3,6,30,20
2017,K,31/10/2017,44,28,26,54,72,49
2017,K,31/10/2017,44,1,1,2,15,6
2017,X,30/10/2017,44,62,48,110,112,2
2017,A,08/11/2017,45,25,20,45,149,11
2017,A,08/11/2017,45,105,58,163,180,5
2017,A,08/11/2017,45,2,3,5,70,19
2017,A,08/11/2017,45,19,7,26,130,64
2017,A,08/11/2017,45,0,0,0,9,0
2017,A,08/11/2017,45,215,226,441,148,34
2017,A,08/11/2017,45,192,137,329,98,17
2017,A,08/11/2017,45,6,2,8,21,11
2017,A,08/11/2017,45,5,7,12,64,3
2017,A,08/11/2017,45,38,15,53,38,4
2017,A,08/11/2017,45,105,61,166,318,87
2017,G,06/11/2017,45,1,3,4,10,3
2017,G,06/11/2017,45,0,0,0,2,1
2017,G,06/11/2017,45,0,1,1,1,0
2017,G,06/11/2017,45,0,3.5,3.5,5.5,1
2017,A,15/11/2017,46,52,30,82,190,20
2017,A,15/11/2017,46,106,69,175,121,6
2017,A,15/11/2017,46,5,8,13,49,24
2017,A,15/11/2017,46,1,7,8,32,19
2017,A,15/11/2017,46,15,20,35,8,1
2017,A,15/11/2017,46,205,186,391,39,3
2017,A,15/11/2017,46,2,4,6,13,7
2017,A,15/11/2017,46,159,139,298,32,3
2017,A,15/11/2017,46,24,12,36,20,3
2017,A,15/11/2017,46,48,51,99,41,3
2017,A,15/11/2017,46,30,27,57,26,8
2017,Z,17/11/2017,46,0,0,0,1,0
2017,Z,17/11/2017,46,24,17,41,8,1
2017,G,14/11/2017,46,4,0,4,7,1
2017,G,14/11/2017,46,2,0,2,4,0
2017,G,14/11/2017,46,4,0,4,3,0
2017,G,14/11/2017,46,2,1,3,1,0
2017,Y,15/11/2017,46,0,0,0,33,0
2017,Y,15/11/2017,46,0,0,0,8,0
2017,Y,15/11/2017,46,0,0,0,11,0
2017,A,22/11/2017,47,22,15,37,230,27
2017,A,22/11/2017,47,107,70,177,167,4
2017,A,22/11/2017,47,3,5,8,48,37
2017,A,22/11/2017,47,6,5,11,40,32
2017,A,22/11/2017,47,0,1,1,1,1
2017,A,22/11/2017,47,312,207,519,54,22
2017,A,22/11/2017,47,297,221,518,36,8
2017,A,22/11/2017,47,2,4,6,5,1
2017,A,22/11/2017,47,11,11,22,39,1
2017,A,22/11/2017,47,31,27,58,52,2
2017,A,22/11/2017,47,74,61,135,81,21
2017,Z,24/11/2017,47,0,0,0,0,0
2017,Z,24/11/2017,47,6,7,13,1,1
2017,G,20/11/2017,47,0,3,3,1,0
2017,G,20/11/2017,47,6,3,9,5,0
2017,G,20/11/2017,47,0,3,3,1,0
2017,G,20/11/2017,47,0,0,0,0,0
2017,Y,21/11/2017,47,0,0,0,9,0
2017,Y,21/11/2017,47,0,0,0,37,1
2017,Y,21/11/2017,47,0,0,0,28,0
2017,A,29/11/2017,48,5,7,12,32,6
2017,A,29/11/2017,48,25,19,44,49,0
2017,A,29/11/2017,48,1,2,3,9,5
2017,A,29/11/2017,48,0,0,0,5,3
2017,A,29/11/2017,48,1,0,1,1,0
2017,A,29/11/2017,48,50,34,84,19,8
2017,A,29/11/2017,48,68,51,119,2,1
2017,A,29/11/2017,48,0,0,0,0,0
2017,A,29/11/2017,48,0,1,1,2,0
2017,A,29/11/2017,48,9,8,17,25,0
2017,A,29/11/2017,48,1,4,5,6,4
2017,Z,01/12/2017,48,0,0,0,1,0
2017,Z,01/12/2017,48,0,0,0,0,0
2017,Y,28/11/2017,48,0,2,2,2,0
2017,Y,28/11/2017,48,0,0,0,2,0
2017,Y,28/11/2017,48,0,0,0,0,0
2017,A,06/12/2017,49,9,1,10,38,0
2017,A,06/12/2017,49,44,27,71,40,0
2017,A,06/12/2017,49,3,2,5,1,1
2017,A,06/12/2017,49,2,0,2,2,1
2017,A,06/12/2017,49,0,0,0,0,0
2017,A,06/12/2017,49,90,99,189,4,2
2017,A,06/12/2017,49,25,24,49,9,0
2017,A,06/12/2017,49,33,18,51,20,13
2017,A,06/12/2017,49,4,1,5,6,0
2017,A,06/12/2017,49,2,3,5,2,0
2017,A,06/12/2017,49,35,28,63,11,0
2017,G,04/12/2017,49,0,2,2,0,0
2017,G,04/12/2017,49,2,0,2,1,0
2017,G,04/12/2017,49,0,0,0,0,0
2017,G,04/12/2017,49,2,1,3,2,0
2018,A,19/06/2018,25,0,0,0,0,0
2018,A,19/06/2018,25,1,2,3,87,1
2018,A,19/06/2018,25,0,0,0,10,0
2018,A,19/06/2018,25,0,0,0,85,7
2018,A,19/06/2018,25,0,0,0,0,0
2018,A,19/06/2018,25,0,0,0,22,0
2018,A,19/06/2018,25,0,0,0,0,0
2018,A,19/06/2018,25,0,0,0,0,0
2018,A,19/06/2018,25,0,1,1,152,5
2018,A,19/06/2018,25,2,0,2,165,0
2018,A,19/06/2018,25,0,0,0,92,0
2018,A,09/07/2018,28,8,6,14,1193,28
2018,A,09/07/2018,28,0,0,0,17,0
2018,A,09/07/2018,28,0,0,0,16,16
2018,A,09/07/2018,28,1,0,1,234,0
2018,A,09/07/2018,28,1,2,3,44,0
2018,A,09/07/2018,28,1,1,2,101,0
2018,A,09/07/2018,28,1,0,1,216,0
2018,A,09/07/2018,28,0,0,0,171,0
2018,A,09/07/2018,28,2,0,2,624,0
2018,A,09/07/2018,28,1,0,1,441,0
2018,A,09/07/2018,28,2,0,2,136,0
2018,A,20/07/2018,29,5,5,10,614,0
2018,A,20/07/2018,29,0,0,0,47,0
2018,A,20/07/2018,29,0,0,0,8,0
2018,A,20/07/2018,29,0,0,0,159,0
2018,A,20/07/2018,29,0,0,0,116,0
2018,A,20/07/2018,29,0,0,0,10,0
2018,A,20/07/2018,29,0,0,0,25,0
2018,A,20/07/2018,29,0,0,0,30,0
2018,A,20/07/2018,29,0,1,1,341,0
2018,A,20/07/2018,29,2,0,2,333,0
2018,A,20/07/2018,29,0,0,0,88,0
2018,Y,20/07/2018,29,0,0,0,32,0
2018,Y,20/07/2018,29,0,0,0,3,0
2018,Y,20/07/2018,29,0,0,0,2,2
2018,A,24/07/2018,30,27,16,43,961,0
2018,A,24/07/2018,30,0,0,0,37,0
2018,A,24/07/2018,30,1,0,1,26,0
2018,A,24/07/2018,30,11,0,11,277,0
2018,A,24/07/2018,30,0,1,1,67,0
2018,A,24/07/2018,30,1,0,1,62,0
2018,A,24/07/2018,30,1,6,7,573,0
2018,A,24/07/2018,30,2,1,3,45,0
2018,A,24/07/2018,30,2,0,2,159,0
2018,A,24/07/2018,30,1,1,2,189,0
2018,A,24/07/2018,30,1,3,4,215,0
2018,A,02/08/2018,31,13,10,23,66,
2018,A,02/08/2018,31,2,2,4,42,
2018,A,02/08/2018,31,3,0,3,80,
2018,A,02/08/2018,31,0,3,3,13,
2018,A,02/08/2018,31,0,0,0,72,
2018,A,02/08/2018,31,16,12,28,,
2018,A,02/08/2018,31,2,2,4,,
2018,A,02/08/2018,31,1,0,1,,
2018,A,02/08/2018,31,5,2,7,,
2018,A,02/08/2018,31,0,5,5,42,
2018,A,13/08/2018,32,,,,,
2018,A,13/08/2018,32,10,7,17,152,
2018,A,13/08/2018,32,26,12,38,267,
2018,A,13/08/2018,32,37,24,61,127,
2018,A,13/08/2018,32,31,12,43,737,
2018,A,13/08/2018,32,54,17,71,634,
2018,A,13/08/2018,32,7,8,15,47,
2018,A,13/08/2018,32,2,1,3,42,
2018,A,13/08/2018,32,,,,,
2018,A,13/08/2018,32,3,7,10,371,
2018,A,13/08/2018,32,12,11,23,317,
2018,A,16/08/2018,33,43,10,53,124,8
2018,A,16/08/2018,33,181,92,273,,
2018,A,16/08/2018,33,64,34,98,,
2018,A,16/08/2018,33,47,25,72,,5
2018,A,16/08/2018,33,26,6,32,,9
2018,A,16/08/2018,33,113,66,179,610,0
2018,A,16/08/2018,33,1,1,2,24,0
2018,A,16/08/2018,33,1,0,1,20,0
2018,A,16/08/2018,33,6,1,7,60,0
2018,A,16/08/2018,33,11,23,34,,12
2018,A,16/08/2018,33,5,7,12,59,11
2018,A,23/08/2018,34,60,24,84,,21
2018,A,23/08/2018,34,33,13,46,,7
2018,A,23/08/2018,34,247,127,374,,5
2018,A,23/08/2018,34,0,0,0,35,1
2018,A,23/08/2018,34,98,45,143,,2
2018,A,23/08/2018,34,168,75,243,,2
2018,A,23/08/2018,34,0,0,0,13,1
2018,A,23/08/2018,34,0,1,1,30,1
2018,A,23/08/2018,34,53,38,91,,16
2018,A,23/08/2018,34,17,24,41,,2
2018,A,23/08/2018,34,7,8,15,,1
2018,A,07/09/2018,36,48,18,66,,13.5
2018,A,07/09/2018,36,1.5,3,4.5,2.5,1.5
2018,A,07/09/2018,36,0,1,1,10,2.5
2018,B,03/09/2018,36,0,0,0,94,4
2018,B,03/09/2018,36,0,0,0,6,0
2018,B,03/09/2018,36,0,1,1,32,0
2018,B,03/09/2018,36,10,2,12,,4
2018,B,03/09/2018,36,0,1,1,,8
2018,B,03/09/2018,36,6,2,8,,1
2018,K,03/09/2018,36,5,4,9,,4
2018,K,03/09/2018,36,0,0,0,14,3
2018,K,03/09/2018,36,0,0,0,8,0
2018,B,10/09/2018,37,0,0,0,21,5
2018,B,10/09/2018,37,3,2,5,,6
2018,B,10/09/2018,37,0,0,0,32,0
2018,B,10/09/2018,37,8,4,12,,4
2018,B,10/09/2018,37,,,0,,
2018,B,10/09/2018,37,3,1,4,,1
2018,D,10/09/2018,37,0,0,0,36,0
2018,D,10/09/2018,37,0,0,0,61,0
2018,G,10/09/2018,37,244,153,397,97,23
2018,G,10/09/2018,37,4,5,9,19,1
2018,K,10/09/2018,37,7,12,19,,12
2018,K,10/09/2018,37,7,7,14,,55
2018,K,10/09/2018,37,0,0,0,6,0
2018,R,10/09/2018,37,0,0,0,29,0
2018,R,10/09/2018,37,1,0,1,91,1
2018,Q,12/09/2018,37,0,0,0,3,3
2018,Q,12/09/2018,37,0,0,0,,16
2018,F,11/09/2018,37,0,0,0,10,0
2018,F,11/09/2018,37,0,0,0,7,0
2018,T,10/09/2018,37,0,0,0,,
2018,T,10/09/2018,37,0,0,0,,
2018,A,21/09/2018,38,565,244.5,809.5,,12
2018,A,21/09/2018,38,112.5,52.5,165,,0.5
2018,A,21/09/2018,38,79.5,42.5,122,,9.5
2018,A,21/09/2018,38,26.5,19,45.5,257,4.5
2018,A,21/09/2018,38,107.5,73,180.5,,2.5
2018,A,21/09/2018,38,1.5,1.5,3,4,0
2018,A,21/09/2018,38,0,0,0,6,1
2018,B,17/09/2018,38,0,0,0,37,5
2018,B,17/09/2018,38,20,7,27,,
2018,B,17/09/2018,38,0,0,0,17,0
2018,B,17/09/2018,38,8,2,10,,2
2018,B,17/09/2018,38,0,0,0,,3
2018,B,17/09/2018,38,31,22,53,,9
2018,H,21/09/2018,38,0,0,0,36,0
2018,H,21/09/2018,38,0,0,0,84,6
2018,M,18/09/2018,38,0,0,0,,1
2018,M,18/09/2018,38,35,20,55,,21
2018,C,19/09/2018,38,0,0,0,0,0
2018,C,19/09/2018,38,0,0,0,150,3
2018,D,20/09/2018,38,0,0,0,16,1
2018,D,20/09/2018,38,0,0,0,53,0
2018,G,18/09/2018,38,508,344,852,,
2018,G,18/09/2018,38,,,,,
2018,K,17/09/2018,38,5,11,16,,25
2018,K,17/09/2018,38,3,1,4,,54
2018,K,17/09/2018,38,0,0,0,,1
2018,Q,19/09/2018,38,0,0,0,18,2
2018,Q,19/09/2018,38,4,3,7,,
2018,F,18/09/2018,38,0,0,0,11,0
2018,F,18/09/2018,38,0,0,0,17,0
2018,T,17/09/2018,38,0,0,0,110,3
2018,T,17/09/2018,38,0,0,0,92,0
2018,X,17/09/2018,38,214,204,418,,
2018,X,18/09/2018,38,297,183,480,,
2018,X,18/09/2018,38,132,96,228,160,39
2018,B,26/09/2018,39,0,1,1,15,
2018,B,26/09/2018,39,,,,,
2018,B,26/09/2018,39,0,0,0,21,1
2018,B,26/09/2018,39,1,1,2,21,1
2018,B,26/09/2018,39,0,0,0,115,4
2018,B,26/09/2018,39,4,1,5,33,0
2018,C,26/09/2018,39,0,0,0,3,0
2018,C,26/09/2018,39,0,0,0,53,1
2018,D,25/09/2018,39,0,0,0,43,0
2018,D,25/09/2018,39,0,0,0,18,1
2018,K,24/09/2018,39,7,3,10,,8
2018,K,24/09/2018,39,18,11,29,158,81
2018,K,24/09/2018,39,0,0,0,3,0
2018,P,25/09/2018,39,0,0,0,3,0
2018,P,25/09/2018,39,0,0,0,13.5,0.5
2018,R,27/09/2018,39,0,0,0,12,1
2018,R,27/09/2018,39,0,0,0,0,0
2018,Q,01/10/2018,39,0,0,0,7,0
2018,Q,01/10/2018,39,0,1,1,241,76
2018,F,24/09/2018,39,0,0,0,4,0
2018,F,24/09/2018,39,0,0,0,0,0
2018,T,24/09/2018,39,0,0,0,12,0
2018,T,24/09/2018,39,0,0,0,22,0
2018,X,24/09/2018,39,180,165,345,37,6
2018,X,24/09/2018,39,201,152,353,33,0
2018,X,24/09/2018,39,188,132,320,47,2
2018,A,02/10/2018,40,159,50,209,18,1
2018,A,02/10/2018,40,5,1,6,3,1
2018,A,02/10/2018,40,8,1.5,9.5,12,9.5
2018,A,02/10/2018,40,461,189.5,650.5,,9
2018,A,02/10/2018,40,458,162.5,620.5,,3.5
2018,A,02/10/2018,40,23,9.5,32.5,34,1.5
2018,B,03/10/2018,40,0,1,1,5,5
2018,B,03/10/2018,40,0,1,1,13,1
2018,B,03/10/2018,40,0,0,0,1,0
2018,B,03/10/2018,40,9,2,11,11,0
2018,B,03/10/2018,40,2,2,4,98,8
2018,B,03/10/2018,40,24,36,60,108,6
2018,H,02/10/2018,40,0,0,0,1.5,0
2018,H,02/10/2018,40,0,0.5,0.5,12,0.5
2018,M,02/10/2018,40,0,0,0,,
2018,M,02/10/2018,40,198,54,252,,
2018,C,02/10/2018,40,0,0,0,2,0
2018,C,02/10/2018,40,0,0,0,19,1
2018,D,02/10/2018,40,0,0,0,,
2018,D,02/10/2018,40,0,0,0,,
2018,G,01/10/2018,40,174,131,305,36,17
2018,G,01/10/2018,40,6,6.5,12.5,8,1
2018,K,01/10/2018,40,3,6,9,,17
2018,K,01/10/2018,40,5,4,9,,35
2018,K,01/10/2018,40,0,0,0,0,0
2018,E,01/10/2018,40,0,0,0,2,1
2018,E,01/10/2018,40,0,3,3,6,4
2018,Q,05/10/2018,40,0,0,0,6,0
2018,Q,05/10/2018,40,,,,,
2018,F,01/10/2018,40,0,0,0,5,0
2018,F,01/10/2018,40,0,0,0,39,0
2018,T,01/10/2018,40,0,0,0,15,2
2018,T,01/10/2018,40,0,0,0,89,0
2018,U,03/10/2018,40,0,0,0,0,1
2018,U,03/10/2018,40,1,1,2,170,11
2018,Y,01/10/2018,40,0,0,0,0,0
2018,Y,01/10/2018,40,0,0,0,,
2018,Y,01/10/2018,40,,,0,,
2018,A,09/10/2018,41,166,115,281,169,33
2018,A,09/10/2018,41,492,184,676,98,32
2018,A,09/10/2018,41,76,51,127,22,0
2018,A,09/10/2018,41,92,53,145,19,2
2018,A,09/10/2018,41,0,0,0,9,3
2018,A,09/10/2018,41,0,1,1,3,19
2018,A,09/10/2018,41,781,364,1145,27,12
2018,A,09/10/2018,41,1688,608,2296,,
2018,A,09/10/2018,41,10,7,17,13,0
2018,A,09/10/2018,41,221,118,339,114,51
2018,A,09/10/2018,41,291,177,468,,10
2018,B,10/10/2018,41,0,0,0,4,4
2018,B,10/10/2018,41,1,0,1,1,1
2018,B,10/10/2018,41,13,7,20,10,1
2018,B,10/10/2018,41,3,2,5,5,0
2018,B,10/10/2018,41,2,1,3,29,4
2018,B,10/10/2018,41,15,13,28,79,9
2018,M,11/10/2018,41,0,2,2,1,0
2018,M,11/10/2018,41,340,91,431,183,45
2018,C,11/10/2018,41,0,0,0,1,0
2018,C,11/10/2018,41,0,0,0,3,2
2018,D,09/10/2018,41,0,0,0,3,0
2018,D,09/10/2018,41,0,0,0,10,0
2018,G,08/10/2018,41,190,145,335,18,6
2018,G,08/10/2018,41,14,8,22,14,1
2018,K,08/10/2018,41,2,2,4,29,4
2018,K,08/10/2018,41,14,6,20,50,28
2018,K,08/10/2018,41,0,0,0,5,0
2018,E,10/10/2018,41,0,0,0,0,0
2018,E,10/10/2018,41,0,0,0,12,1
2018,P,08/10/2018,41,0,0,0,2,1.5
2018,P,08/10/2018,41,0,0,0,33.5,2.5
2018,R,10/10/2018,41,0,1,1,22,8
2018,R,10/10/2018,41,5,0,5,75,47
2018,F,08/10/2018,41,,,0,,
2018,F,08/10/2018,41,,,0,,
2018,U,09/10/2018,41,0,0,0,0,0
2018,U,09/10/2018,41,0,0,0,12,0
2018,A,18/10/2018,42,188,133,321,147,15
2018,A,18/10/2018,42,434,302,736,70,17
2018,A,18/10/2018,42,94,97,191,15,1
2018,A,18/10/2018,42,339,237,576,215,7
2018,A,18/10/2018,42,325,281,606,59,9
2018,A,18/10/2018,42,270,192,462,19,0
2018,A,18/10/2018,42,1,0,1,0,0
2018,A,18/10/2018,42,4,4,8,8,5
2018,A,18/10/2018,42,530,221,751,71,9
2018,A,18/10/2018,42,785,311,1096,55,8
2018,A,18/10/2018,42,31,26,57,10,0
2018,B,17/10/2018,42,0,0,0,2,3
2018,B,17/10/2018,42,7,3,10,29,12
2018,B,17/10/2018,42,1,0,1,6,3
2018,B,17/10/2018,42,10,3,13,7,5
2018,B,17/10/2018,42,0,0,0,26,2
2018,B,17/10/2018,42,5,3,8,39,5
2018,C,17/10/2018,42,0,0,0,0,0
2018,C,17/10/2018,42,0,1,1,2,0
2018,D,16/10/2018,42,0,1,1,17,0
2018,D,16/10/2018,42,0,0,0,13,0
2018,G,15/10/2018,42,130,116,246,8,4
2018,G,15/10/2018,42,13,10,23,10,0
2018,E,17/10/2018,42,0,0,0,0,0
2018,E,17/10/2018,42,1,0,1,5,0
2018,R,17/10/2018,42,0,0,0,5,0
2018,R,17/10/2018,42,1,0,1,17,13
2018,Q,16/10/2018,42,0,0,0,0,0
2018,Q,16/10/2018,42,0,1,1,102,128
2018,F,15/10/2018,42,X,X,0,X,X
2018,F,15/10/2018,42,0,0,0,3,0
2018,U,16/10/2018,42,0,0,0,5,4
2018,U,16/10/2018,42,7,2,9,33,6
2018,X,16/10/2018,42,331,326,657,37,10
2018,X,16/10/2018,42,348,288,636,52,7
2018,X,16/10/2018,42,317,292,609,59,9
2018,H,22/10/2018,43,0,0,0,1.5,0
2018,H,22/10/2018,43,0,0,0,7.5,1
2018,M,22/10/2018,43,0.5,0.5,1,8,0.5
2018,M,22/10/2018,43,55.5,16,71.5,29.5,1
2018,D,21/10/2018,43,0,1,1,8,0
2018,D,21/10/2018,43,0,0,0,13,0
2018,G,22/10/2018,43,46,49,95,8,0
2018,G,22/10/2018,43,3,1,4,2,0
2018,K,22/10/2018,43,1.5,1,2.5,6,1.5
2018,K,22/10/2018,43,3,3.5,6.5,29.5,4.5
2018,K,22/10/2018,43,0,0,0,1,0.5
2018,Q,24/10/2018,43,0,0,0,2,1
2018,Q,24/10/2018,43,1,1,2,103,69
2018,F,22/10/2018,43,0,0,0,13,0
2018,F,22/10/2018,43,1,0,1,20,1
2018,A,28/10/2018,44,15.5,20,35.5,32,0.5
2018,A,28/10/2018,44,340,181.5,521.5,21,6
2018,A,28/10/2018,44,32.5,33.5,66,12.5,1.5
2018,A,28/10/2018,44,198.5,145,343.5,154.5,12
2018,A,28/10/2018,44,64.5,55,119.5,56.5,7.5
2018,A,28/10/2018,44,64,46.5,110.5,32,17
2018,A,28/10/2018,44,1,0,1,1,0.5
2018,A,28/10/2018,44,0,0,0,0,0
2018,A,28/10/2018,44,172.5,116.5,289,17.5,2.5
2018,A,28/10/2018,44,202.5,174,376.5,35,3.5
2018,A,28/10/2018,44,38.5,28,66.5,25.5,1.5
2018,C,28/10/2018,44,0,0,0,0,0
2018,C,28/10/2018,44,0,0,0,2,0
2018,D,31/10/2018,44,0,0,0,21,0
2018,D,31/10/2018,44,1,2,3,16,0
2018,E,30/10/2018,44,0,0,0,0,0
2018,E,30/10/2018,44,0.5,0,0.5,11,9
2018,F,29/10/2018,44,,,,,
2018,F,29/10/2018,44,,,,,
2018,T,29/10/2018,44,0,0,0,46,0
2018,T,29/10/2018,44,0,0,0,80,0
2018,U,30/10/2018,44,7,6,13,68,1
2018,U,30/10/2018,44,23,24,47,87,10
2018,H,30/10/2018,45,0,0,0,1.5,0
2018,H,30/10/2018,45,0,0,0,1.5,0
2018,C,07/11/2018,45,0,0,0,1,0
2018,C,07/11/2018,45,0,0,0,2,0
2018,D,07/11/2018,45,0,0,0,2,1
2018,D,07/11/2018,45,0,2,2,10,2
2018,J,06/11/2018,45,0,0,0,34,0
2018,J,06/11/2018,45,0,0,0,15.5,0
2018,G,05/11/2018,45,6.5,13.5,20,4.5,0.5
2018,G,05/11/2018,45,1.5,2,3.5,1,0
2018,E,06/11/2018,45,0,0,0,0,0
2018,E,06/11/2018,45,0,0,0,9,4
2018,P,06/11/2018,45,0,0,0,48,38
2018,P,06/11/2018,45,0,0,0,24,22
2018,R,09/11/2018,45,0,0,0,14,3
2018,R,09/11/2018,45,1,2,3,14,5
2018,Q,05/11/2018,45,0,0,0,5,4
2018,Q,05/11/2018,45,0,1,1,65,44
2018,F,05/11/2018,45,,,,,
2018,F,05/11/2018,45,,,,,
2018,U,06/11/2018,45,31,20,51,30,4
2018,U,06/11/2018,45,3,4,7,13,2
2018,A,15/11/2018,46,115,58,173,122,1.5
2018,A,15/11/2018,46,1048,416.5,1464.5,29,4
2018,A,15/11/2018,46,279,114.5,393.5,58.5,0
2018,A,15/11/2018,46,877,457.5,1334.5,167.5,1.5
2018,A,15/11/2018,46,483,244.5,727.5,53.5,3.5
2018,A,15/11/2018,46,454,231,685,27,0.5
2018,A,15/11/2018,46,3,4.5,7.5,0.5,0.5
2018,A,15/11/2018,46,4,1,5,2.5,2.5
2018,A,15/11/2018,46,469,215.5,684.5,55.5,4.5
2018,A,15/11/2018,46,429,166,595,43.5,1
2018,A,15/11/2018,46,45,26.5,71.5,45.5,0.5
2018,M,16/11/2018,46,0,0.5,0.5,4.5,0
2018,M,16/11/2018,46,23,18,41,58.5,3
2018,D,15/11/2018,46,0,0,0,3,0
2018,D,15/11/2018,46,2,2,4,1,0
2018,G,12/11/2018,46,5,5,10,2,0
2018,G,12/11/2018,46,3,0,3,1,0
2018,Q,16/11/2018,46,0,0,0,0,0
2018,Q,16/11/2018,46,1,0,1,14,8
2018,F,12/11/2018,46,0,0,0,0,0
2018,F,12/11/2018,46,0,0,0,1,0
2018,U,16/11/2018,46,8,6,14,6,0
2018,U,16/11/2018,46,0,3,3,3,0
2018,X,12/11/2018,46,281,297,578,6,0
2018,X,12/11/2018,46,282,209,491,7,0
2018,X,12/11/2018,46,214,224,438,2,1
2018,Y,12/11/2018,46,0,0,0,0,0
2018,Y,12/11/2018,46,0,0,0,0,0
2018,Y,12/11/2018,46,0,0,0,0,0
2018,D,20/11/2018,47,0,2,2,4,0
2018,D,20/11/2018,47,4,11,15,5,2
2018,J,20/11/2018,47,0,0,0,0.5,0
2018,J,20/11/2018,47,0,0,0,3.5,0
2018,F,19/11/2018,47,0,0,0,1,0
2018,F,19/11/2018,47,0,0,0,5,0
2018,U,20/11/2018,47,26,12,38,24,2
2018,U,20/11/2018,47,4,3,7,22,3
2018,X,19/11/2018,47,288,264,552,25,2
2018,X,19/11/2018,47,260,320,580,44,0
2018,X,19/11/2018,47,214,223,437,38,0
2018,M,27/11/2018,48,0,0,0,7,0
2018,M,27/11/2018,48,33.5,37,70.5,10,0
2018,D,30/11/2018,48,0,0,0,1,0
2018,D,30/11/2018,48,0,1,1,0,0
2018,J,26/11/2018,48,0,0,0,4,0
2018,J,26/11/2018,48,0,0,0,4,0
2018,G,26/11/2018,48,6,4.5,10.5,2,0
2018,G,26/11/2018,48,4.5,7,11.5,0.5,0
2018,F,26/11/2018,48,0,0,0,0,0
2018,F,26/11/2018,48,,,,,
2018,T,26/11/2018,48,0,0,0,10,0
2018,T,26/11/2018,48,0,0,0,25,0
2018,U,27/11/2018,48,4,1,5,1,0
2018,U,27/11/2018,48,11,11,22,5,0
2018,X,26/11/2018,48,154,176,330,26,0
2018,X,26/11/2018,48,358,256,614,19,0
2018,X,26/11/2018,48,403,306,709,15,0
2018,A,06/12/2018,49,91,71,162,380,2
2018,A,06/12/2018,49,171,220,391,45,0
2018,A,06/12/2018,49,251,215,466,20,0
2018,A,06/12/2018,49,363,341,704,46,0
2018,A,06/12/2018,49,22,23,45,28,0
2018,C,05/12/2018,49,0,0,0,1,0
2018,C,05/12/2018,49,0,5,5,9,0
2018,G,05/12/2018,49,6,8,14,6,0
2018,G,05/12/2018,49,2,6,8,3,0
2018,Q,04/12/2018,49,0,0,0,13,13
2018,Q,04/12/2018,49,6,15,21,14,3
2018,F,03/12/2018,49,0,0,0,1,0
2018,F,03/12/2018,49,0,0,0,0,0
2018,U,04/12/2018,49,,,,,
2018,U,04/12/2018,49,,,,,
2018,X,03/12/2018,49,379,440,819,26,0
2018,X,03/12/2018,49,533,421,954,18,0
2018,X,03/12/2018,49,601,477,1078,22,0
2018,D,11/12/2018,50,0,1,1,1,0
2018,D,11/12/2018,50,1,7,8,0,0
2018,G,11/12/2018,50,0,2,2,8,1
2018,G,11/12/2018,50,1,1,2,0,0
2018,F,10/12/2018,50,0,0,0,14,0
2018,F,10/12/2018,50,0,0,0,77,4
2018,U,11/12/2018,50,72,30,102,3,0
2018,U,11/12/2018,50,40,19,59,9,1
2018,X,10/12/2018,50,664,554,1218,8,1
2018,X,10/12/2018,50,700,429,1129,7,0
2018,X,10/12/2018,50,645,541,1186,7,0
2018,G,17/12/2018,51,1,1,2,1,0
2018,G,17/12/2018,51,0,0,0,0,0
2018,F,17/12/2018,51,0,0,0,17,0
2018,F,17/12/2018,51,0,0,0,14,0